Workbook

Sheet Respuestas
A1: Marca temporal | B1: Fecha entrenamiento | C1: Jugadores de afuera | D1: Ausentes con aviso | E1: Jugadores Locales | F1: Ausentes con aviso
A2: 46097.965 | B2: 46097 | C2: LAZANEO Juan Manuel, LENCINA Nicolas, SANCHEZ Hernan | D2: Algunos entrenaron en el pueblo con laburos que les pase | E2: BERNAUS Agustin, GOMEZ Gustavo "Chiqui", FOSSARELLI Antonio, MENDOZA Alexis "Pelado", GOMEZ Juan Pablo "Zorrito", VIJARRA Nahuel | F2: Pulga y hongo en Rosario y vienen mañana
A3: 46099.392 | B3: 46098 | C3: CARRANZA Matias, DEL VALLE Jonatan, LANDRIEL Alexis, LANDRIEL Federico, LAZANEO Juan Manuel, LECUIMA Esteban "Kun", LENCINA Nicolas, MANSILLA Alexis, MANSILLA Carlos, PAIRETTI Franco, SANCHEZ Hernan, VILLARUEL Dario "Caco", ÑAÑEZ Ruben | D3: Salían a las 20hs de trabajar Nieto y Diaz | E3: BERNAUS Federico, BERNAUS Agustin, GOMEZ Gustavo "Chiqui", FOSSARELLI Antonio, MENDOZA Alexis "Pelado", GOMEZ Juan Pablo "Zorrito", VIJARRA Nahuel | F3: Poche estaba en rosario

Sheet Resumen
A1: JUGADORES | B1: ASISTENCIAS | C1: TOTAL ENTRENAMIENTOS | D1: INASISTENCIAS | E1: TOTAL LITROS COMB. | F1: CANT. VIANDAS | G1: MONTO TOTAL VIANDAS | H1: CANT. REMISES | I1: MONTO TOTAL REMISES | J1: TOTAL A PAGAR
A2: CARRANZA Matias | B2: =SUMPRODUCT( (((ISNUMBER(SEARCH(A2,Respuestas!$C$2:$C$1001)))+(ISNUMBER(SEARCH(A2,Respuestas!$E$2:$E$1001))))>0)* (Respuestas!$B$2:$B$1001>=Config!$B$2)* (Respuestas!$B$2:$B$1001<=Config!$B$3) ) -> 1 | C2: =COUNTIFS(Respuestas!$B$2:$B$1001,">="&Config!$B$2,Respuestas!$B$2:$B$1001,"<="&Config!$B$3) -> 2 | D2: =C2-B2 -> 1 | E2: =B2*IFERROR(VLOOKUP(A2,Jugadores!$A:$B,2,0),0) -> 0 | F2: =IF(IFERROR(VLOOKUP(A2,Jugadores!$A:$C,3,0),"NO")="SI",B2,0) -> 0 | G2: =F2*Config!$B$4 -> 0 | H2: =IF(IFERROR(VLOOKUP(A2,Jugadores!$A:$D,4,0),"NO")="SI",B2,0) -> 0 | I2: =H2*IFERROR(VLOOKUP(A2,Jugadores!$A:$E,5,0),0) -> 0 | J2: =G2+I2 -> 0
A3: DEL VALLE Jonatan | B3: =SUMPRODUCT( (((ISNUMBER(SEARCH(A3,Respuestas!$C$2:$C$1001)))+(ISNUMBER(SEARCH(A3,Respuestas!$E$2:$E$1001))))>0)* (Respuestas!$B$2:$B$1001>=Config!$B$2)* (Respuestas!$B$2:$B$1001<=Config!$B$3) ) -> 1 | C3: =COUNTIFS(Respuestas!$B$2:$B$1001,">="&Config!$B$2,Respuestas!$B$2:$B$1001,"<="&Config!$B$3) -> 2 | D3: =C3-B3 -> 1 | E3: =B3*IFERROR(VLOOKUP(A3,Jugadores!$A:$B,2,0),0) -> 11 | F3: =IF(IFERROR(VLOOKUP(A3,Jugadores!$A:$C,3,0),"NO")="SI",B3,0) -> 0 | G3: =F3*Config!$B$4 -> 0 | H3: =IF(IFERROR(VLOOKUP(A3,Jugadores!$A:$D,4,0),"NO")="SI",B3,0) -> 0 | I3: =H3*IFERROR(VLOOKUP(A3,Jugadores!$A:$E,5,0),0) -> 0 | J3: =G3+I3 -> 0
A4: Diaz Jonatan "Chancla" | B4: =SUMPRODUCT( (((ISNUMBER(SEARCH(A4,Respuestas!$C$2:$C$1001)))+(ISNUMBER(SEARCH(A4,Respuestas!$E$2:$E$1001))))>0)* (Respuestas!$B$2:$B$1001>=Config!$B$2)* (Respuestas!$B$2:$B$1001<=Config!$B$3) ) -> 0 | C4: =COUNTIFS(Respuestas!$B$2:$B$1001,">="&Config!$B$2,Respuestas!$B$2:$B$1001,"<="&Config!$B$3) -> 2 | D4: =C4-B4 -> 2 | E4: =B4*IFERROR(VLOOKUP(A4,Jugadores!$A:$B,2,0),0) -> 0 | F4: =IF(IFERROR(VLOOKUP(A4,Jugadores!$A:$C,3,0),"NO")="SI",B4,0) -> 0 | G4: =F4*Config!$B$4 -> 0 | H4: =IF(IFERROR(VLOOKUP(A4,Jugadores!$A:$D,4,0),"NO")="SI",B4,0) -> 0 | I4: =H4*IFERROR(VLOOKUP(A4,Jugadores!$A:$E,5,0),0) -> 0 | J4: =G4+I4 -> 0
A5: LANDRIEL Alexis | B5: =SUMPRODUCT( (((ISNUMBER(SEARCH(A5,Respuestas!$C$2:$C$1001)))+(ISNUMBER(SEARCH(A5,Respuestas!$E$2:$E$1001))))>0)* (Respuestas!$B$2:$B$1001>=Config!$B$2)* (Respuestas!$B$2:$B$1001<=Config!$B$3) ) -> 1 | C5: =COUNTIFS(Respuestas!$B$2:$B$1001,">="&Config!$B$2,Respuestas!$B$2:$B$1001,"<="&Config!$B$3) -> 2 | D5: =C5-B5 -> 1 | E5: =B5*IFERROR(VLOOKUP(A5,Jugadores!$A:$B,2,0),0) -> 0 | F5: =IF(IFERROR(VLOOKUP(A5,Jugadores!$A:$C,3,0),"NO")="SI",B5,0) -> 0 | G5: =F5*Config!$B$4 -> 0 | H5: =IF(IFERROR(VLOOKUP(A5,Jugadores!$A:$D,4,0),"NO")="SI",B5,0) -> 0 | I5: =H5*IFERROR(VLOOKUP(A5,Jugadores!$A:$E,5,0),0) -> 0 | J5: =G5+I5 -> 0
A6: LANDRIEL Federico | B6: =SUMPRODUCT( (((ISNUMBER(SEARCH(A6,Respuestas!$C$2:$C$1001)))+(ISNUMBER(SEARCH(A6,Respuestas!$E$2:$E$1001))))>0)* (Respuestas!$B$2:$B$1001>=Config!$B$2)* (Respuestas!$B$2:$B$1001<=Config!$B$3) ) -> 1 | C6: =COUNTIFS(Respuestas!$B$2:$B$1001,">="&Config!$B$2,Respuestas!$B$2:$B$1001,"<="&Config!$B$3) -> 2 | D6: =C6-B6 -> 1 | E6: =B6*IFERROR(VLOOKUP(A6,Jugadores!$A:$B,2,0),0) -> 0 | F6: =IF(IFERROR(VLOOKUP(A6,Jugadores!$A:$C,3,0),"NO")="SI",B6,0) -> 0 | G6: =F6*Config!$B$4 -> 0 | H6: =IF(IFERROR(VLOOKUP(A6,Jugadores!$A:$D,4,0),"NO")="SI",B6,0) -> 0 | I6: =H6*IFERROR(VLOOKUP(A6,Jugadores!$A:$E,5,0),0) -> 0 | J6: =G6+I6 -> 0
A7: LAZANEO Juan Manuel | B7: =SUMPRODUCT( (((ISNUMBER(SEARCH(A7,Respuestas!$C$2:$C$1001)))+(ISNUMBER(SEARCH(A7,Respuestas!$E$2:$E$1001))))>0)* (Respuestas!$B$2:$B$1001>=Config!$B$2)* (Respuestas!$B$2:$B$1001<=Config!$B$3) ) -> 2 | C7: =COUNTIFS(Respuestas!$B$2:$B$1001,">="&Config!$B$2,Respuestas!$B$2:$B$1001,"<="&Config!$B$3) -> 2 | D7: =C7-B7 -> 0 | E7: =B7*IFERROR(VLOOKUP(A7,Jugadores!$A:$B,2,0),0) -> 0 | F7: =IF(IFERROR(VLOOKUP(A7,Jugadores!$A:$C,3,0),"NO")="SI",B7,0) -> 0 | G7: =F7*Config!$B$4 -> 0 | H7: =IF(IFERROR(VLOOKUP(A7,Jugadores!$A:$D,4,0),"NO")="SI",B7,0) -> 0 | I7: =H7*IFERROR(VLOOKUP(A7,Jugadores!$A:$E,5,0),0) -> 0 | J7: =G7+I7 -> 0
A8: LECUIMA Esteban "Kun" | B8: =SUMPRODUCT( (((ISNUMBER(SEARCH(A8,Respuestas!$C$2:$C$1001)))+(ISNUMBER(SEARCH(A8,Respuestas!$E$2:$E$1001))))>0)* (Respuestas!$B$2:$B$1001>=Config!$B$2)* (Respuestas!$B$2:$B$1001<=Config!$B$3) ) -> 1 | C8: =COUNTIFS(Respuestas!$B$2:$B$1001,">="&Config!$B$2,Respuestas!$B$2:$B$1001,"<="&Config!$B$3) -> 2 | D8: =C8-B8 -> 1 | E8: =B8*IFERROR(VLOOKUP(A8,Jugadores!$A:$B,2,0),0) -> 0 | F8: =IF(IFERROR(VLOOKUP(A8,Jugadores!$A:$C,3,0),"NO")="SI",B8,0) -> 0 | G8: =F8*Config!$B$4 -> 0 | H8: =IF(IFERROR(VLOOKUP(A8,Jugadores!$A:$D,4,0),"NO")="SI",B8,0) -> 1 | I8: =H8*IFERROR(VLOOKUP(A8,Jugadores!$A:$E,5,0),0) -> 62000 | J8: =G8+I8 -> 62000
A9: LENCINA Nicolas | B9: =SUMPRODUCT( (((ISNUMBER(SEARCH(A9,Respuestas!$C$2:$C$1001)))+(ISNUMBER(SEARCH(A9,Respuestas!$E$2:$E$1001))))>0)* (Respuestas!$B$2:$B$1001>=Config!$B$2)* (Respuestas!$B$2:$B$1001<=Config!$B$3) ) -> 2 | C9: =COUNTIFS(Respuestas!$B$2:$B$1001,">="&Config!$B$2,Respuestas!$B$2:$B$1001,"<="&Config!$B$3) -> 2 | D9: =C9-B9 -> 0 | E9: =B9*IFERROR(VLOOKUP(A9,Jugadores!$A:$B,2,0),0) -> 0 | F9: =IF(IFERROR(VLOOKUP(A9,Jugadores!$A:$C,3,0),"NO")="SI",B9*2,0) -> 4 | G9: =F9*Config!$B$4 -> 28000 | H9: =IF(IFERROR(VLOOKUP(A9,Jugadores!$A:$D,4,0),"NO")="SI",B9,0) -> 0 | I9: =H9*IFERROR(VLOOKUP(A9,Jugadores!$A:$E,5,0),0) -> 0 | J9: =G9+I9 -> 28000
A10: MANSILLA Alexis | B10: =SUMPRODUCT( (((ISNUMBER(SEARCH(A10,Respuestas!$C$2:$C$1001)))+(ISNUMBER(SEARCH(A10,Respuestas!$E$2:$E$1001))))>0)* (Respuestas!$B$2:$B$1001>=Config!$B$2)* (Respuestas!$B$2:$B$1001<=Config!$B$3) ) -> 1 | C10: =COUNTIFS(Respuestas!$B$2:$B$1001,">="&Config!$B$2,Respuestas!$B$2:$B$1001,"<="&Config!$B$3) -> 2 | D10: =C10-B10 -> 1 | E10: =B10*IFERROR(VLOOKUP(A10,Jugadores!$A:$B,2,0),0) -> 0 | F10: =IF(IFERROR(VLOOKUP(A10,Jugadores!$A:$C,3,0),"NO")="SI",B10,0) -> 0 | G10: =F10*Config!$B$4 -> 0 | H10: =IF(IFERROR(VLOOKUP(A10,Jugadores!$A:$D,4,0),"NO")="SI",B10,0) -> 0 | I10: =H10*IFERROR(VLOOKUP(A10,Jugadores!$A:$E,5,0),0) -> 0 | J10: =G10+I10 -> 0
A11: MANSILLA Carlos | B11: =SUMPRODUCT( (((ISNUMBER(SEARCH(A11,Respuestas!$C$2:$C$1001)))+(ISNUMBER(SEARCH(A11,Respuestas!$E$2:$E$1001))))>0)* (Respuestas!$B$2:$B$1001>=Config!$B$2)* (Respuestas!$B$2:$B$1001<=Config!$B$3) ) -> 1 | C11: =COUNTIFS(Respuestas!$B$2:$B$1001,">="&Config!$B$2,Respuestas!$B$2:$B$1001,"<="&Config!$B$3) -> 2 | D11: =C11-B11 -> 1 | E11: =B11*IFERROR(VLOOKUP(A11,Jugadores!$A:$B,2,0),0) -> 0 | F11: =IF(IFERROR(VLOOKUP(A11,Jugadores!$A:$C,3,0),"NO")="SI",B11,0) -> 0 | G11: =F11*Config!$B$4 -> 0 | H11: =IF(IFERROR(VLOOKUP(A11,Jugadores!$A:$D,4,0),"NO")="SI",B11,0) -> 0 | I11: =H11*IFERROR(VLOOKUP(A11,Jugadores!$A:$E,5,0),0) -> 0 | J11: =G11+I11 -> 0
A12: NIETO Fabio "Cata" | B12: =SUMPRODUCT( (((ISNUMBER(SEARCH(A12,Respuestas!$C$2:$C$1001)))+(ISNUMBER(SEARCH(A12,Respuestas!$E$2:$E$1001))))>0)* (Respuestas!$B$2:$B$1001>=Config!$B$2)* (Respuestas!$B$2:$B$1001<=Config!$B$3) ) -> 0 | C12: =COUNTIFS(Respuestas!$B$2:$B$1001,">="&Config!$B$2,Respuestas!$B$2:$B$1001,"<="&Config!$B$3) -> 2 | D12: =C12-B12 -> 2 | E12: =B12*IFERROR(VLOOKUP(A12,Jugadores!$A:$B,2,0),0) -> 0 | F12: =IF(IFERROR(VLOOKUP(A12,Jugadores!$A:$C,3,0),"NO")="SI",B12,0) -> 0 | G12: =F12*Config!$B$4 -> 0 | H12: =IF(IFERROR(VLOOKUP(A12,Jugadores!$A:$D,4,0),"NO")="SI",B12,0) -> 0 | I12: =H12*IFERROR(VLOOKUP(A12,Jugadores!$A:$E,5,0),0) -> 0 | J12: =G12+I12 -> 0
A13: PAIRETTI Franco | B13: =SUMPRODUCT( (((ISNUMBER(SEARCH(A13,Respuestas!$C$2:$C$1001)))+(ISNUMBER(SEARCH(A13,Respuestas!$E$2:$E$1001))))>0)* (Respuestas!$B$2:$B$1001>=Config!$B$2)* (Respuestas!$B$2:$B$1001<=Config!$B$3) ) -> 1 | C13: =COUNTIFS(Respuestas!$B$2:$B$1001,">="&Config!$B$2,Respuestas!$B$2:$B$1001,"<="&Config!$B$3) -> 2 | D13: =C13-B13 -> 1 | E13: =B13*IFERROR(VLOOKUP(A13,Jugadores!$A:$B,2,0),0) -> 8 | F13: =IF(IFERROR(VLOOKUP(A13,Jugadores!$A:$C,3,0),"NO")="SI",B13,0) -> 0 | G13: =F13*Config!$B$4 -> 0 | H13: =IF(IFERROR(VLOOKUP(A13,Jugadores!$A:$D,4,0),"NO")="SI",B13,0) -> 0 | I13: =H13*IFERROR(VLOOKUP(A13,Jugadores!$A:$E,5,0),0) -> 0 | J13: =G13+I13 -> 0
A14: SANCHEZ Hernan | B14: =SUMPRODUCT( (((ISNUMBER(SEARCH(A14,Respuestas!$C$2:$C$1001)))+(ISNUMBER(SEARCH(A14,Respuestas!$E$2:$E$1001))))>0)* (Respuestas!$B$2:$B$1001>=Config!$B$2)* (Respuestas!$B$2:$B$1001<=Config!$B$3) ) -> 2 | C14: =COUNTIFS(Respuestas!$B$2:$B$1001,">="&Config!$B$2,Respuestas!$B$2:$B$1001,"<="&Config!$B$3) -> 2 | D14: =C14-B14 -> 0 | E14: =B14*IFERROR(VLOOKUP(A14,Jugadores!$A:$B,2,0),0) -> 0 | F14: =IF(IFERROR(VLOOKUP(A14,Jugadores!$A:$C,3,0),"NO")="SI",B14*2,0) -> 4 | G14: =F14*Config!$B$4 -> 28000 | H14: =IF(IFERROR(VLOOKUP(A14,Jugadores!$A:$D,4,0),"NO")="SI",B14,0) -> 0 | I14: =H14*IFERROR(VLOOKUP(A14,Jugadores!$A:$E,5,0),0) -> 0 | J14: =G14+I14 -> 28000
A15: VILLARUEL Dario "Caco" | B15: =SUMPRODUCT( (((ISNUMBER(SEARCH(A15,Respuestas!$C$2:$C$1001)))+(ISNUMBER(SEARCH(A15,Respuestas!$E$2:$E$1001))))>0)* (Respuestas!$B$2:$B$1001>=Config!$B$2)* (Respuestas!$B$2:$B$1001<=Config!$B$3) ) -> 1 | C15: =COUNTIFS(Respuestas!$B$2:$B$1001,">="&Config!$B$2,Respuestas!$B$2:$B$1001,"<="&Config!$B$3) -> 2 | D15: =C15-B15 -> 1 | E15: =B15*IFERROR(VLOOKUP(A15,Jugadores!$A:$B,2,0),0) -> 0 | F15: =IF(IFERROR(VLOOKUP(A15,Jugadores!$A:$C,3,0),"NO")="SI",B15,0) -> 0 | G15: =F15*Config!$B$4 -> 0 | H15: =IF(IFERROR(VLOOKUP(A15,Jugadores!$A:$D,4,0),"NO")="SI",B15,0) -> 0 | I15: =H15*IFERROR(VLOOKUP(A15,Jugadores!$A:$E,5,0),0) -> 0 | J15: =G15+I15 -> 0
A16: ÑAÑEZ Ruben | B16: =SUMPRODUCT( (((ISNUMBER(SEARCH(A16,Respuestas!$C$2:$C$1001)))+(ISNUMBER(SEARCH(A16,Respuestas!$E$2:$E$1001))))>0)* (Respuestas!$B$2:$B$1001>=Config!$B$2)* (Respuestas!$B$2:$B$1001<=Config!$B$3) ) -> 1 | C16: =COUNTIFS(Respuestas!$B$2:$B$1001,">="&Config!$B$2,Respuestas!$B$2:$B$1001,"<="&Config!$B$3) -> 2 | D16: =C16-B16 -> 1 | E16: =B16*IFERROR(VLOOKUP(A16,Jugadores!$A:$B,2,0),0) -> 3 | F16: =IF(IFERROR(VLOOKUP(A16,Jugadores!$A:$C,3,0),"NO")="SI",B16,0) -> 0 | G16: =F16*Config!$B$4 -> 0 | H16: =IF(IFERROR(VLOOKUP(A16,Jugadores!$A:$D,4,0),"NO")="SI",B16,0) -> 0 | I16: =H16*IFERROR(VLOOKUP(A16,Jugadores!$A:$E,5,0),0) -> 0 | J16: =G16+I16 -> 0
A17: BERNAUS Federico | B17: =SUMPRODUCT( (((ISNUMBER(SEARCH(A17,Respuestas!$C$2:$C$1001)))+(ISNUMBER(SEARCH(A17,Respuestas!$E$2:$E$1001))))>0)* (Respuestas!$B$2:$B$1001>=Config!$B$2)* (Respuestas!$B$2:$B$1001<=Config!$B$3) ) -> 1 | C17: =COUNTIFS(Respuestas!$B$2:$B$1001,">="&Config!$B$2,Respuestas!$B$2:$B$1001,"<="&Config!$B$3) -> 2 | D17: =C17-B17 -> 1 | E17: =B17*IFERROR(VLOOKUP(A17,Jugadores!$A:$B,2,0),0) -> 0 | F17: =IF(IFERROR(VLOOKUP(A17,Jugadores!$A:$C,3,0),"NO")="SI",B17,0) -> 0 | G17: =F17*Config!$B$4 -> 0 | H17: =IF(IFERROR(VLOOKUP(A17,Jugadores!$A:$D,4,0),"NO")="SI",B17,0) -> 0 | I17: =H17*IFERROR(VLOOKUP(A17,Jugadores!$A:$E,5,0),0) -> 0 | J17: =G17+I17 -> 0
A18: BERNAUS Agustin | B18: =SUMPRODUCT( (((ISNUMBER(SEARCH(A18,Respuestas!$C$2:$C$1001)))+(ISNUMBER(SEARCH(A18,Respuestas!$E$2:$E$1001))))>0)* (Respuestas!$B$2:$B$1001>=Config!$B$2)* (Respuestas!$B$2:$B$1001<=Config!$B$3) ) -> 2 | C18: =COUNTIFS(Respuestas!$B$2:$B$1001,">="&Config!$B$2,Respuestas!$B$2:$B$1001,"<="&Config!$B$3) -> 2 | D18: =C18-B18 -> 0 | E18: =B18*IFERROR(VLOOKUP(A18,Jugadores!$A:$B,2,0),0) -> 0 | F18: =IF(IFERROR(VLOOKUP(A18,Jugadores!$A:$C,3,0),"NO")="SI",B18,0) -> 0 | G18: =F18*Config!$B$4 -> 0 | H18: =IF(IFERROR(VLOOKUP(A18,Jugadores!$A:$D,4,0),"NO")="SI",B18,0) -> 0 | I18: =H18*IFERROR(VLOOKUP(A18,Jugadores!$A:$E,5,0),0) -> 0 | J18: =G18+I18 -> 0
A19: GOMEZ Gustavo "Chiqui" | B19: =SUMPRODUCT( (((ISNUMBER(SEARCH(A19,Respuestas!$C$2:$C$1001)))+(ISNUMBER(SEARCH(A19,Respuestas!$E$2:$E$1001))))>0)* (Respuestas!$B$2:$B$1001>=Config!$B$2)* (Respuestas!$B$2:$B$1001<=Config!$B$3) ) -> 2 | C19: =COUNTIFS(Respuestas!$B$2:$B$1001,">="&Config!$B$2,Respuestas!$B$2:$B$1001,"<="&Config!$B$3) -> 2 | D19: =C19-B19 -> 0 | E19: =B19*IFERROR(VLOOKUP(A19,Jugadores!$A:$B,2,0),0) -> 0 | F19: =IF(IFERROR(VLOOKUP(A19,Jugadores!$A:$C,3,0),"NO")="SI",B19,0) -> 0 | G19: =F19*Config!$B$4 -> 0 | H19: =IF(IFERROR(VLOOKUP(A19,Jugadores!$A:$D,4,0),"NO")="SI",B19,0) -> 0 | I19: =H19*IFERROR(VLOOKUP(A19,Jugadores!$A:$E,5,0),0) -> 0 | J19: =G19+I19 -> 0
A20: FOSSARELLI Antonio | B20: =SUMPRODUCT( (((ISNUMBER(SEARCH(A20,Respuestas!$C$2:$C$1001)))+(ISNUMBER(SEARCH(A20,Respuestas!$E$2:$E$1001))))>0)* (Respuestas!$B$2:$B$1001>=Config!$B$2)* (Respuestas!$B$2:$B$1001<=Config!$B$3) ) -> 2 | C20: =COUNTIFS(Respuestas!$B$2:$B$1001,">="&Config!$B$2,Respuestas!$B$2:$B$1001,"<="&Config!$B$3) -> 2 | D20: =C20-B20 -> 0 | E20: =B20*IFERROR(VLOOKUP(A20,Jugadores!$A:$B,2,0),0) -> 0 | F20: =IF(IFERROR(VLOOKUP(A20,Jugadores!$A:$C,3,0),"NO")="SI",B20,0) -> 0 | G20: =F20*Config!$B$4 -> 0 | H20: =IF(IFERROR(VLOOKUP(A20,Jugadores!$A:$D,4,0),"NO")="SI",B20,0) -> 0 | I20: =H20*IFERROR(VLOOKUP(A20,Jugadores!$A:$E,5,0),0) -> 0 | J20: =G20+I20 -> 0
A21: MENDOZA Alexis "Pelado" | B21: =SUMPRODUCT( (((ISNUMBER(SEARCH(A21,Respuestas!$C$2:$C$1001)))+(ISNUMBER(SEARCH(A21,Respuestas!$E$2:$E$1001))))>0)* (Respuestas!$B$2:$B$1001>=Config!$B$2)* (Respuestas!$B$2:$B$1001<=Config!$B$3) ) -> 2 | C21: =COUNTIFS(Respuestas!$B$2:$B$1001,">="&Config!$B$2,Respuestas!$B$2:$B$1001,"<="&Config!$B$3) -> 2 | D21: =C21-B21 -> 0 | E21: =B21*IFERROR(VLOOKUP(A21,Jugadores!$A:$B,2,0),0) -> 0 | F21: =IF(IFERROR(VLOOKUP(A21,Jugadores!$A:$C,3,0),"NO")="SI",B21,0) -> 0 | G21: =F21*Config!$B$4 -> 0 | H21: =IF(IFERROR(VLOOKUP(A21,Jugadores!$A:$D,4,0),"NO")="SI",B21,0) -> 0 | I21: =H21*IFERROR(VLOOKUP(A21,Jugadores!$A:$E,5,0),0) -> 0 | J21: =G21+I21 -> 0
A22: GOMEZ Juan Pablo "Zorrito" | B22: =SUMPRODUCT( (((ISNUMBER(SEARCH(A22,Respuestas!$C$2:$C$1001)))+(ISNUMBER(SEARCH(A22,Respuestas!$E$2:$E$1001))))>0)* (Respuestas!$B$2:$B$1001>=Config!$B$2)* (Respuestas!$B$2:$B$1001<=Config!$B$3) ) -> 2 | C22: =COUNTIFS(Respuestas!$B$2:$B$1001,">="&Config!$B$2,Respuestas!$B$2:$B$1001,"<="&Config!$B$3) -> 2 | D22: =C22-B22 -> 0 | E22: =B22*IFERROR(VLOOKUP(A22,Jugadores!$A:$B,2,0),0) -> 0 | F22: =IF(IFERROR(VLOOKUP(A22,Jugadores!$A:$C,3,0),"NO")="SI",B22,0) -> 0 | G22: =F22*Config!$B$4 -> 0 | H22: =IF(IFERROR(VLOOKUP(A22,Jugadores!$A:$D,4,0),"NO")="SI",B22,0) -> 0 | I22: =H22*IFERROR(VLOOKUP(A22,Jugadores!$A:$E,5,0),0) -> 0 | J22: =G22+I22 -> 0
A23: POCHETTINO Dante | B23: =SUMPRODUCT( (((ISNUMBER(SEARCH(A23,Respuestas!$C$2:$C$1001)))+(ISNUMBER(SEARCH(A23,Respuestas!$E$2:$E$1001))))>0)* (Respuestas!$B$2:$B$1001>=Config!$B$2)* (Respuestas!$B$2:$B$1001<=Config!$B$3) ) -> 0 | C23: =COUNTIFS(Respuestas!$B$2:$B$1001,">="&Config!$B$2,Respuestas!$B$2:$B$1001,"<="&Config!$B$3) -> 2 | D23: =C23-B23 -> 2 | E23: =B23*IFERROR(VLOOKUP(A23,Jugadores!$A:$B,2,0),0) -> 0 | F23: =IF(IFERROR(VLOOKUP(A23,Jugadores!$A:$C,3,0),"NO")="SI",B23,0) -> 0 | G23: =F23*Config!$B$4 -> 0 | H23: =IF(IFERROR(VLOOKUP(A23,Jugadores!$A:$D,4,0),"NO")="SI",B23,0) -> 0 | I23: =H23*IFERROR(VLOOKUP(A23,Jugadores!$A:$E,5,0),0) -> 0 | J23: =G23+I23 -> 0
A24: VIJARRA Nahuel | B24: =SUMPRODUCT( (((ISNUMBER(SEARCH(A24,Respuestas!$C$2:$C$1001)))+(ISNUMBER(SEARCH(A24,Respuestas!$E$2:$E$1001))))>0)* (Respuestas!$B$2:$B$1001>=Config!$B$2)* (Respuestas!$B$2:$B$1001<=Config!$B$3) ) -> 2 | C24: =COUNTIFS(Respuestas!$B$2:$B$1001,">="&Config!$B$2,Respuestas!$B$2:$B$1001,"<="&Config!$B$3) -> 2 | D24: =C24-B24 -> 0 | E24: =B24*IFERROR(VLOOKUP(A24,Jugadores!$A:$B,2,0),0) -> 0 | F24: =IF(IFERROR(VLOOKUP(A24,Jugadores!$A:$C,3,0),"NO")="SI",B24,0) -> 0 | G24: =F24*Config!$B$4 -> 0 | H24: =IF(IFERROR(VLOOKUP(A24,Jugadores!$A:$D,4,0),"NO")="SI",B24,0) -> 0 | I24: =H24*IFERROR(VLOOKUP(A24,Jugadores!$A:$E,5,0),0) -> 0 | J24: =G24+I24 -> 0
A25: IRAZOQUI PABLO | B25: =B9 -> 2 | C25: =C9 -> 2 | D25: =D9 -> 0 | E25: =E9 -> 0 | F25: =F9 -> 4 | G25: =G9 -> 28000 | H25: =H9 -> 0 | I25: =I9 -> 0 | J25: =J9 -> 28000

Sheet Config
A1: Mes | B1: Marzo
A2: Fecha inicio periodo | B2: {=IF(B1="Año completo",DATE(YEAR(TODAY()),1,1),DATE(YEAR(TODAY()),MATCH(B1,{"Enero";"Febrero";"Marzo";"Abril";"Mayo";"Junio";"Julio";"Agosto";"Septiembre";"Octubre";"Noviembre";"Diciembre"},0),1))} -> 46082
A3: Fecha fin periodo | B3: =IF(B1="Año completo",DATE(YEAR(TODAY()),12,31),EOMONTH(B2,0)) -> 46112
A4: Valor vianda | B4: 7000

Sheet Dashboard_Data
A1: Fecha | B1: Jugador | C1: Tipo | D1: Litros | E1: Vianda | F1: Remis | G1: Monto Remis
A2: 46097 | B2: LAZANEO Juan Manuel | C2: Afuera | D2: 0 | E2: NO | F2: NO | G2: 0
A3: 46097 | B3: LENCINA Nicolas | C3: Afuera | D3: 0 | E3: SI | F3: NO | G3: 0
A4: 46097 | B4: SANCHEZ Hernan | C4: Afuera | D4: 0 | E4: SI | F4: NO | G4: 0
A5: 46097 | B5: BERNAUS Agustin | C5: Local | D5: 0 | E5: NO | F5: NO | G5: 0
A6: 46097 | B6: GOMEZ Gustavo "Chiqui" | C6: Local | D6: 0 | E6: NO | F6: NO | G6: 0
A7: 46097 | B7: FOSSARELLI Antonio | C7: Local | D7: 0 | E7: NO | F7: NO | G7: 0
A8: 46097 | B8: MENDOZA Alexis "Pelado" | C8: Local | D8: 0 | E8: NO | F8: NO | G8: 0
A9: 46097 | B9: GOMEZ Juan Pablo "Zorrito" | C9: Local | D9: 0 | E9: NO | F9: NO | G9: 0
A10: 46097 | B10: VIJARRA Nahuel | C10: Local | D10: 0 | E10: NO | F10: NO | G10: 0
A11: 46098 | B11: CARRANZA Matias | C11: Afuera | D11: 0 | E11: NO | F11: NO | G11: 0
A12: 46098 | B12: DEL VALLE Jonatan | C12: Afuera | D12: 11 | E12: NO | F12: NO | G12: 0
A13: 46098 | B13: LANDRIEL Alexis | C13: Afuera | D13: 0 | E13: NO | F13: NO | G13: 0
... A30: 46098 | B30: VIJARRA Nahuel | C30: Local | D30: 0 | E30: NO | F30: NO | G30: 0

Sheet Asistencias por dia
A1: =IFERROR(__xludf.DUMMYFUNCTION("QUERY({Respuestas!B2:B501,Respuestas!C2:C501,Respuestas!E2:E501},""SELECT Col1, Col2, Col3 WHERE Col1 >= date '""&TEXT(Config!B2,""yyyy-mm-dd"")&""' AND Col1 <= date '""&TEXT(Config!B3,""yyyy-mm-dd"")&""' ORDER BY Col1 ASC"",1)"),"16/03/2026") -> 16/03/2026 | B1: =IFERROR(__xludf.DUMMYFUNCTION("""COMPUTED_VALUE"""),"LAZANEO Juan Manuel, LENCINA Nicolas, SANCHEZ Hernan") -> LAZANEO Juan Manuel, LENCINA Nicolas, SANCHEZ Hernan | C1: =IFERROR(__xludf.DUMMYFUNCTION("""COMPUTED_VALUE"""),"BERNAUS Agustin, GOMEZ Gustavo ""Chiqui"", FOSSARELLI Antonio, MENDOZA Alexis ""Pelado"", GOMEZ Juan Pablo ""Zorrito"", VIJARRA Nahuel") -> BERNAUS Agustin, GOMEZ Gustavo "Chiqui", FOSSARELLI Antonio, MENDOZA Alexis "Pelado", GOMEZ Juan Pablo "Zorrito", VIJARRA Nahuel
A2: =IFERROR(__xludf.DUMMYFUNCTION("""COMPUTED_VALUE"""),46098.0) -> 46098 | B2: =IFERROR(__xludf.DUMMYFUNCTION("""COMPUTED_VALUE"""),"CARRANZA Matias, DEL VALLE Jonatan, LANDRIEL Alexis, LANDRIEL Federico, LAZANEO Juan Manuel, LECUIMA Esteban ""Kun"", LENCINA Nicolas, MANSILLA Alexis, MANSILLA Carlos, PAIRETTI Franco, SANCHEZ Hernan, VILLARUEL Dario ""Caco"", ÑAÑEZ Ruben") -> CARRANZA Matias, DEL VALLE Jonatan, LANDRIEL Alexis, LANDRIEL Federico, LAZANEO Juan Manuel, LECUIMA Esteban "Kun", LENCINA Nicolas, MANSILLA Alexis, MANSILLA Carlos, PAIRETTI Franco, SANCHEZ Hernan, VILLARUEL Dario "Caco", ÑAÑEZ Ruben | C2: =IFERROR(__xludf.DUMMYFUNCTION("""COMPUTED_VALUE"""),"BERNAUS Federico, BERNAUS Agustin, GOMEZ Gustavo ""Chiqui"", FOSSARELLI Antonio, MENDOZA Alexis ""Pelado"", GOMEZ Juan Pablo ""Zorrito"", VIJARRA Nahuel") -> BERNAUS Federico, BERNAUS Agustin, GOMEZ Gustavo "Chiqui", FOSSARELLI Antonio, MENDOZA Alexis "Pelado", GOMEZ Juan Pablo "Zorrito", VIJARRA Nahuel

Sheet Jugadores
A1: Nombre | B1: Litros/dia | C1: Vianda | D1: Remis | E1: Monto Remis
A2: CARRANZA Matias | C2: NO | D2: NO
A3: DEL VALLE Jonatan | B3: 11 | C3: NO | D3: NO
A4: Diaz Jonatan "Chancla" | B4: 10 | C4: NO | D4: NO
A5: LANDRIEL Alexis | C5: NO | D5: NO
A6: LANDRIEL Federico | C6: NO | D6: NO
A7: LAZANEO Juan Manuel | C7: NO | D7: NO
A8: LECUIMA Esteban "Kun" | C8: NO | D8: SI | E8: 62000
A9: LENCINA Nicolas | C9: SI | D9: NO
A10: MANSILLA Alexis | C10: NO | D10: NO
A11: MANSILLA Carlos | C11: NO | D11: NO
A12: NIETO Fabio "Cata" | C12: NO | D12: NO
A13: PAIRETTI Franco | B13: 8 | C13: NO | D13: NO
A14: SANCHEZ Hernan | C14: SI | D14: NO
A15: VILLARUEL Dario "Caco" | C15: NO | D15: NO
A16: ÑAÑEZ Ruben | B16: 3 | C16: NO | D16: NO
A17: BERNAUS Federico | C17: NO | D17: NO
A18: BERNAUS Agustin | C18: NO | D18: NO
A19: GOMEZ Gustavo "Chiqui" | C19: NO | D19: NO
A20: FOSSARELLI Antonio | C20: NO | D20: NO
A21: MENDOZA Alexis "Pelado" | C21: NO | D21: NO
A22: GOMEZ Juan Pablo "Zorrito" | C22: NO | D22: NO
A23: POCHETTINO Dante | C23: NO | D23: NO
A24: VIJARRA Nahuel | C24: NO | D24: NO
A25: IRAZOQUI PABLO | C25: SI | D25: NO
