Workbook

Sheet Respuestas de formulario
A1: Marca temporal | B1: Fecha del partido | C1: Rival | D1: Resultado | E1: Valla Invicta | F1: Participacion en el partido [Lecuima Esteban] | G1: Participacion en el partido [Gomez Gustavo] | H1: Participacion en el partido [Ñañez Ruben] | I1: Participacion en el partido [Fossarelli Antonio] | J1: Participacion en el partido [Del Valle Jonatan] | K1: Participacion en el partido [Sanchez Hernan] | L1: Participacion en el partido [Diaz Jonatan] | M1: Participacion en el partido [Nieto Fabio] | N1: Participacion en el partido [Lazaneo Juan Manuel] | O1: Participacion en el partido [Mendoza Alexis Alejandro] | P1: Participacion en el partido [Bernaus Agustin] | Q1: Participacion en el partido [Landriel Federico] | R1: Participacion en el partido [Villarruel Daniel] | S1: Participacion en el partido [Pochettino Dante] | T1: Participacion en el partido [Gomez Juan Pablo] | U1: Participacion en el partido [Pairetti Franco] | V1: Participacion en el partido [Lencina Nicolas] | W1: Participacion en el partido [Vijarra Nahuel] | X1: Participacion en el partido [Bernaus Federico] | Y1: Participacion en el partido [Carranza Matias] | Z1: Goles [Lecuima Esteban] | AA1: Goles [Gomez Gustavo] | AB1: Goles [Ñañez Ruben] | AC1: Goles [Fossarelli Antonio] | AD1: Goles [Del Valle Jonatan] | AE1: Goles [Sanchez Hernan] | AF1: Goles [Diaz Jonatan] | AG1: Goles [Nieto Fabio] | AH1: Goles [Lazaneo Juan Manuel] | AI1: Goles [Mendoza Alexis Alejandro] | AJ1: Goles [Bernaus Agustin] | AK1: Goles [Landriel Federico] | AL1: Goles [Villarruel Daniel] | AM1: Goles [Pochettino Dante] | AN1: Goles [Gomez Juan Pablo] | AO1: Goles [Pairetti Franco] | AP1: Goles [Lencina Nicolas] | AQ1: Goles [Vijarra Nahuel] | AR1: Goles [Bernaus Federico] | AS1: Goles [Carranza Matias] | AT1: Observaciones | AU1: Participacion en el partido [Lovera Ignacio] | AV1: Goles [Lovera Ignacio]
A2: 46100.75 | B2: 46096 | C2: LA EMILIA | D2: EMPATE | E2: SI | F2: T, A | G2: T | H2: T | I2: T | J2: T | K2: T | L2: T | M2: T | N2: T | O2: T | P2: T | Q2: S | R2: S/con minutos | S2: S/con minutos | T2: S/con minutos | U2: S | V2: S/con minutos
A3: 46100.775 | B3: 46099 | C3: SUSANENSE | D3: VICTORIA | E3: SI | F3: T, A | G3: T | H3: T | I3: T | J3: T | L3: T | M3: T | N3: T | O3: T | P3: T | R3: S/con minutos | S3: S/con minutos | T3: S/con minutos | V3: T | W3: S, A | X3: S/con minutos | AF3: 1 gol
A4: 46105.788 | B4: 46105 | C4: GRANADEROS | D4: VICTORIA | E4: SI | F4: T | G4: T | H4: T | I4: T | J4: T | K4: S/con minutos | L4: T | M4: A | N4: T | O4: T | P4: T | Q4: A | R4: T | S4: S/con minutos | T4: S/con minutos | U4: T | V4: A | W4: S | X4: S/con minutos | Y4: A | AI4: 2 goles | AO4: 1 gol | AT4: Sánchez entro poco jajajaj | AU4: S

Sheet Resumen
A1: Nombre | B1: Tipo de pago | C1: Partidos como Titular | D1: Partidos como Suplente | E1: Partidos como Suplente c/min | F1: Goles | G1: Valla Invicta (cant.) | H1: $ Titular | I1: $ Suplente | J1: $ Suplente c/min | K1: $ Goles | L1: $ Valla Invicta | M1: $ Acumulable | N1: Total a pagar
A2: =Jugadores_Contratos!A2 -> BERNAUS Agustin | B2: =IFERROR(VLOOKUP(A2,Jugadores_Contratos!$A:$B,2,0),"") -> X Fecha | C2: =COUNTIFS(Dashboard_Data!$E$2:$E$1000,A2,Dashboard_Data!$F$2:$F$1000,"T",Dashboard_Data!$A$2:$A$1000,">="&Config!$B$2,Dashboard_Data!$A$2:$A$1000,"<="&Config!$B$3) +COUNTIFS(Dashboard_Data!$E$2:$E$1000,A2,Dashboard_Data!$F$2:$F$1000,"T, A",Dashboard_Data!$A$2:$A$1000,">="&Config!$B$2,Dashboard_Data!$A$2:$A$1000,"<="&Config!$B$3) -> 3 | D2: =COUNTIFS(Dashboard_Data!$E$2:$E$1000,A2,Dashboard_Data!$F$2:$F$1000,"S",Dashboard_Data!$A$2:$A$1000,">="&Config!$B$2,Dashboard_Data!$A$2:$A$1000,"<="&Config!$B$3)+COUNTIFS(Dashboard_Data!$E$2:$E$1000,A2,Dashboard_Data!$F$2:$F$1000,"S, A",Dashboard_Data!$A$2:$A$1000,">="&Config!$B$2,Dashboard_Data!$A$2:$A$1000,"<="&Config!$B$3) -> 0 | E2: =COUNTIFS(Dashboard_Data!$E$2:$E$1000,A2,Dashboard_Data!$F$2:$F$1000,"S/con minutos",Dashboard_Data!$A$2:$A$1000,">="&Config!$B$2,Dashboard_Data!$A$2:$A$1000,"<="&Config!$B$3) + COUNTIFS(Dashboard_Data!$E$2:$E$1000,A2,Dashboard_Data!$F$2:$F$1000,"S/con minutos, A",Dashboard_Data!$A$2:$A$1000,">="&Config!$B$2,Dashboard_Data!$A$2:$A$1000,"<="&Config!$B$3) -> 0 | F2: =SUMIFS(Dashboard_Data!$G$2:$G$1000,Dashboard_Data!$E$2:$E$1000,A2,Dashboard_Data!$A$2:$A$1000,">="&Config!$B$2,Dashboard_Data!$A$2:$A$1000,"<="&Config!$B$3) -> 0 | G2: =COUNTIFS(Dashboard_Data!$E$2:$E$1000,A2,Dashboard_Data!$D$2:$D$1000,"SI",Dashboard_Data!$F$2:$F$1000,"T, A",Dashboard_Data!$A$2:$A$1000,">="&Config!$B$2,Dashboard_Data!$A$2:$A$1000,"<="&Config!$B$3)+ +COUNTIFS(Dashboard_Data!$E$2:$E$1000,A2,Dashboard_Data!$D$2:$D$1000,"SI",Dashboard_Data!$F$2:$F$1000,"S/con minutos, A",Dashboard_Data!$A$2:$A$1000,">="&Config!$B$2,Dashboard_Data!$A$2:$A$1000,"<="&Config!$B$3) -> 0 | H2: =C2*IFERROR(VLOOKUP(A2,Jugadores_Contratos!$A:$C,3,0),0) -> 210000 | I2: =D2*IFERROR(VLOOKUP(A2,Jugadores_Contratos!$A:$D,4,0),0) -> 0 | J2: =E2*IFERROR(VLOOKUP(A2,Jugadores_Contratos!$A:$E,5,0),0) -> 0 | K2: =F2*IFERROR(VLOOKUP(A2,Jugadores_Contratos!$A:$F,6,0),0) -> 0 | L2: =G2*IFERROR(VLOOKUP(A2,Jugadores_Contratos!$A:$G,7,0),0) -> 0 | M2: =(C2+D2+E2)*IFERROR(VLOOKUP(A2,Jugadores_Contratos!$A:$H,8,0),0) -> 0 | N2: =H2+I2+J2+K2+L2+M2 -> 210000
A3: =Jugadores_Contratos!A3 -> BERNAUS Federico | B3: =IFERROR(VLOOKUP(A3,Jugadores_Contratos!$A:$B,2,0),"") -> X Fecha | C3: =COUNTIFS(Dashboard_Data!$E$2:$E$1000,A3,Dashboard_Data!$F$2:$F$1000,"T",Dashboard_Data!$A$2:$A$1000,">="&Config!$B$2,Dashboard_Data!$A$2:$A$1000,"<="&Config!$B$3) +COUNTIFS(Dashboard_Data!$E$2:$E$1000,A3,Dashboard_Data!$F$2:$F$1000,"T, A",Dashboard_Data!$A$2:$A$1000,">="&Config!$B$2,Dashboard_Data!$A$2:$A$1000,"<="&Config!$B$3) -> 0 | D3: =COUNTIFS(Dashboard_Data!$E$2:$E$1000,A3,Dashboard_Data!$F$2:$F$1000,"S",Dashboard_Data!$A$2:$A$1000,">="&Config!$B$2,Dashboard_Data!$A$2:$A$1000,"<="&Config!$B$3)+COUNTIFS(Dashboard_Data!$E$2:$E$1000,A3,Dashboard_Data!$F$2:$F$1000,"S, A",Dashboard_Data!$A$2:$A$1000,">="&Config!$B$2,Dashboard_Data!$A$2:$A$1000,"<="&Config!$B$3) -> 0 | E3: =COUNTIFS(Dashboard_Data!$E$2:$E$1000,A3,Dashboard_Data!$F$2:$F$1000,"S/con minutos",Dashboard_Data!$A$2:$A$1000,">="&Config!$B$2,Dashboard_Data!$A$2:$A$1000,"<="&Config!$B$3) + COUNTIFS(Dashboard_Data!$E$2:$E$1000,A3,Dashboard_Data!$F$2:$F$1000,"S/con minutos, A",Dashboard_Data!$A$2:$A$1000,">="&Config!$B$2,Dashboard_Data!$A$2:$A$1000,"<="&Config!$B$3) -> 2 | F3: =SUMIFS(Dashboard_Data!$G$2:$G$1000,Dashboard_Data!$E$2:$E$1000,A3,Dashboard_Data!$A$2:$A$1000,">="&Config!$B$2,Dashboard_Data!$A$2:$A$1000,"<="&Config!$B$3) -> 0 | G3: =COUNTIFS(Dashboard_Data!$E$2:$E$1000,A3,Dashboard_Data!$D$2:$D$1000,"SI",Dashboard_Data!$F$2:$F$1000,"T, A",Dashboard_Data!$A$2:$A$1000,">="&Config!$B$2,Dashboard_Data!$A$2:$A$1000,"<="&Config!$B$3)+ +COUNTIFS(Dashboard_Data!$E$2:$E$1000,A3,Dashboard_Data!$D$2:$D$1000,"SI",Dashboard_Data!$F$2:$F$1000,"S/con minutos, A",Dashboard_Data!$A$2:$A$1000,">="&Config!$B$2,Dashboard_Data!$A$2:$A$1000,"<="&Config!$B$3) -> 0 | H3: =C3*IFERROR(VLOOKUP(A3,Jugadores_Contratos!$A:$C,3,0),0) -> 0 | I3: =D3*IFERROR(VLOOKUP(A3,Jugadores_Contratos!$A:$D,4,0),0) -> 0 | J3: =E3*IFERROR(VLOOKUP(A3,Jugadores_Contratos!$A:$E,5,0),0) -> 160000 | K3: =F3*IFERROR(VLOOKUP(A3,Jugadores_Contratos!$A:$F,6,0),0) -> 0 | L3: =G3*IFERROR(VLOOKUP(A3,Jugadores_Contratos!$A:$G,7,0),0) -> 0 | M3: =(C3+D3+E3)*IFERROR(VLOOKUP(A3,Jugadores_Contratos!$A:$H,8,0),0) -> 0 | N3: =H3+I3+J3+K3+L3+M3 -> 160000
A4: =Jugadores_Contratos!A4 -> CARRANZA Matias | B4: =IFERROR(VLOOKUP(A4,Jugadores_Contratos!$A:$B,2,0),"") -> X Fecha | C4: =COUNTIFS(Dashboard_Data!$E$2:$E$1000,A4,Dashboard_Data!$F$2:$F$1000,"T",Dashboard_Data!$A$2:$A$1000,">="&Config!$B$2,Dashboard_Data!$A$2:$A$1000,"<="&Config!$B$3) +COUNTIFS(Dashboard_Data!$E$2:$E$1000,A4,Dashboard_Data!$F$2:$F$1000,"T, A",Dashboard_Data!$A$2:$A$1000,">="&Config!$B$2,Dashboard_Data!$A$2:$A$1000,"<="&Config!$B$3) -> 0 | D4: =COUNTIFS(Dashboard_Data!$E$2:$E$1000,A4,Dashboard_Data!$F$2:$F$1000,"S",Dashboard_Data!$A$2:$A$1000,">="&Config!$B$2,Dashboard_Data!$A$2:$A$1000,"<="&Config!$B$3)+COUNTIFS(Dashboard_Data!$E$2:$E$1000,A4,Dashboard_Data!$F$2:$F$1000,"S, A",Dashboard_Data!$A$2:$A$1000,">="&Config!$B$2,Dashboard_Data!$A$2:$A$1000,"<="&Config!$B$3) -> 0 | E4: =COUNTIFS(Dashboard_Data!$E$2:$E$1000,A4,Dashboard_Data!$F$2:$F$1000,"S/con minutos",Dashboard_Data!$A$2:$A$1000,">="&Config!$B$2,Dashboard_Data!$A$2:$A$1000,"<="&Config!$B$3) + COUNTIFS(Dashboard_Data!$E$2:$E$1000,A4,Dashboard_Data!$F$2:$F$1000,"S/con minutos, A",Dashboard_Data!$A$2:$A$1000,">="&Config!$B$2,Dashboard_Data!$A$2:$A$1000,"<="&Config!$B$3) -> 0 | F4: =SUMIFS(Dashboard_Data!$G$2:$G$1000,Dashboard_Data!$E$2:$E$1000,A4,Dashboard_Data!$A$2:$A$1000,">="&Config!$B$2,Dashboard_Data!$A$2:$A$1000,"<="&Config!$B$3) -> 0 | G4: =COUNTIFS(Dashboard_Data!$E$2:$E$1000,A4,Dashboard_Data!$D$2:$D$1000,"SI",Dashboard_Data!$F$2:$F$1000,"T, A",Dashboard_Data!$A$2:$A$1000,">="&Config!$B$2,Dashboard_Data!$A$2:$A$1000,"<="&Config!$B$3)+ +COUNTIFS(Dashboard_Data!$E$2:$E$1000,A4,Dashboard_Data!$D$2:$D$1000,"SI",Dashboard_Data!$F$2:$F$1000,"S/con minutos, A",Dashboard_Data!$A$2:$A$1000,">="&Config!$B$2,Dashboard_Data!$A$2:$A$1000,"<="&Config!$B$3) -> 0 | H4: =C4*IFERROR(VLOOKUP(A4,Jugadores_Contratos!$A:$C,3,0),0) -> 0 | I4: =D4*IFERROR(VLOOKUP(A4,Jugadores_Contratos!$A:$D,4,0),0) -> 0 | J4: =E4*IFERROR(VLOOKUP(A4,Jugadores_Contratos!$A:$E,5,0),0) -> 0 | K4: =F4*IFERROR(VLOOKUP(A4,Jugadores_Contratos!$A:$F,6,0),0) -> 0 | L4: =G4*IFERROR(VLOOKUP(A4,Jugadores_Contratos!$A:$G,7,0),0) -> 0 | M4: =(C4+D4+E4)*IFERROR(VLOOKUP(A4,Jugadores_Contratos!$A:$H,8,0),0) -> 0 | N4: =H4+I4+J4+K4+L4+M4 -> 0
A5: =Jugadores_Contratos!A5 -> Del Valle Jonatan | B5: =IFERROR(VLOOKUP(A5,Jugadores_Contratos!$A:$B,2,0),"") -> Quincenal | C5: =COUNTIFS(Dashboard_Data!$E$2:$E$1000,A5,Dashboard_Data!$F$2:$F$1000,"T",Dashboard_Data!$A$2:$A$1000,">="&Config!$B$2,Dashboard_Data!$A$2:$A$1000,"<="&Config!$B$3) +COUNTIFS(Dashboard_Data!$E$2:$E$1000,A5,Dashboard_Data!$F$2:$F$1000,"T, A",Dashboard_Data!$A$2:$A$1000,">="&Config!$B$2,Dashboard_Data!$A$2:$A$1000,"<="&Config!$B$3) -> 3 | D5: =COUNTIFS(Dashboard_Data!$E$2:$E$1000,A5,Dashboard_Data!$F$2:$F$1000,"S",Dashboard_Data!$A$2:$A$1000,">="&Config!$B$2,Dashboard_Data!$A$2:$A$1000,"<="&Config!$B$3)+COUNTIFS(Dashboard_Data!$E$2:$E$1000,A5,Dashboard_Data!$F$2:$F$1000,"S, A",Dashboard_Data!$A$2:$A$1000,">="&Config!$B$2,Dashboard_Data!$A$2:$A$1000,"<="&Config!$B$3) -> 0 | E5: =COUNTIFS(Dashboard_Data!$E$2:$E$1000,A5,Dashboard_Data!$F$2:$F$1000,"S/con minutos",Dashboard_Data!$A$2:$A$1000,">="&Config!$B$2,Dashboard_Data!$A$2:$A$1000,"<="&Config!$B$3) + COUNTIFS(Dashboard_Data!$E$2:$E$1000,A5,Dashboard_Data!$F$2:$F$1000,"S/con minutos, A",Dashboard_Data!$A$2:$A$1000,">="&Config!$B$2,Dashboard_Data!$A$2:$A$1000,"<="&Config!$B$3) -> 0 | F5: =SUMIFS(Dashboard_Data!$G$2:$G$1000,Dashboard_Data!$E$2:$E$1000,A5,Dashboard_Data!$A$2:$A$1000,">="&Config!$B$2,Dashboard_Data!$A$2:$A$1000,"<="&Config!$B$3) -> 0 | G5: =COUNTIFS(Dashboard_Data!$E$2:$E$1000,A5,Dashboard_Data!$D$2:$D$1000,"SI",Dashboard_Data!$F$2:$F$1000,"T, A",Dashboard_Data!$A$2:$A$1000,">="&Config!$B$2,Dashboard_Data!$A$2:$A$1000,"<="&Config!$B$3)+ +COUNTIFS(Dashboard_Data!$E$2:$E$1000,A5,Dashboard_Data!$D$2:$D$1000,"SI",Dashboard_Data!$F$2:$F$1000,"S/con minutos, A",Dashboard_Data!$A$2:$A$1000,">="&Config!$B$2,Dashboard_Data!$A$2:$A$1000,"<="&Config!$B$3) -> 0 | H5: =C5*IFERROR(VLOOKUP(A5,Jugadores_Contratos!$A:$C,3,0),0) -> 900000 | I5: =D5*IFERROR(VLOOKUP(A5,Jugadores_Contratos!$A:$D,4,0),0) -> 0 | J5: =E5*IFERROR(VLOOKUP(A5,Jugadores_Contratos!$A:$E,5,0),0) -> 0 | K5: =F5*IFERROR(VLOOKUP(A5,Jugadores_Contratos!$A:$F,6,0),0) -> 0 | L5: =G5*IFERROR(VLOOKUP(A5,Jugadores_Contratos!$A:$G,7,0),0) -> 0 | M5: =(C5+D5+E5)*IFERROR(VLOOKUP(A5,Jugadores_Contratos!$A:$H,8,0),0) -> 0 | N5: =H5+I5+J5+K5+L5+M5 -> 900000
A6: =Jugadores_Contratos!A6 -> Diaz Jonatan | B6: =IFERROR(VLOOKUP(A6,Jugadores_Contratos!$A:$B,2,0),"") -> X Fecha | C6: =COUNTIFS(Dashboard_Data!$E$2:$E$1000,A6,Dashboard_Data!$F$2:$F$1000,"T",Dashboard_Data!$A$2:$A$1000,">="&Config!$B$2,Dashboard_Data!$A$2:$A$1000,"<="&Config!$B$3) +COUNTIFS(Dashboard_Data!$E$2:$E$1000,A6,Dashboard_Data!$F$2:$F$1000,"T, A",Dashboard_Data!$A$2:$A$1000,">="&Config!$B$2,Dashboard_Data!$A$2:$A$1000,"<="&Config!$B$3) -> 3 | D6: =COUNTIFS(Dashboard_Data!$E$2:$E$1000,A6,Dashboard_Data!$F$2:$F$1000,"S",Dashboard_Data!$A$2:$A$1000,">="&Config!$B$2,Dashboard_Data!$A$2:$A$1000,"<="&Config!$B$3)+COUNTIFS(Dashboard_Data!$E$2:$E$1000,A6,Dashboard_Data!$F$2:$F$1000,"S, A",Dashboard_Data!$A$2:$A$1000,">="&Config!$B$2,Dashboard_Data!$A$2:$A$1000,"<="&Config!$B$3) -> 0 | E6: =COUNTIFS(Dashboard_Data!$E$2:$E$1000,A6,Dashboard_Data!$F$2:$F$1000,"S/con minutos",Dashboard_Data!$A$2:$A$1000,">="&Config!$B$2,Dashboard_Data!$A$2:$A$1000,"<="&Config!$B$3) + COUNTIFS(Dashboard_Data!$E$2:$E$1000,A6,Dashboard_Data!$F$2:$F$1000,"S/con minutos, A",Dashboard_Data!$A$2:$A$1000,">="&Config!$B$2,Dashboard_Data!$A$2:$A$1000,"<="&Config!$B$3) -> 0 | F6: =SUMIFS(Dashboard_Data!$G$2:$G$1000,Dashboard_Data!$E$2:$E$1000,A6,Dashboard_Data!$A$2:$A$1000,">="&Config!$B$2,Dashboard_Data!$A$2:$A$1000,"<="&Config!$B$3) -> 1 | G6: =COUNTIFS(Dashboard_Data!$E$2:$E$1000,A6,Dashboard_Data!$D$2:$D$1000,"SI",Dashboard_Data!$F$2:$F$1000,"T, A",Dashboard_Data!$A$2:$A$1000,">="&Config!$B$2,Dashboard_Data!$A$2:$A$1000,"<="&Config!$B$3)+ +COUNTIFS(Dashboard_Data!$E$2:$E$1000,A6,Dashboard_Data!$D$2:$D$1000,"SI",Dashboard_Data!$F$2:$F$1000,"S/con minutos, A",Dashboard_Data!$A$2:$A$1000,">="&Config!$B$2,Dashboard_Data!$A$2:$A$1000,"<="&Config!$B$3) -> 0 | H6: =C6*IFERROR(VLOOKUP(A6,Jugadores_Contratos!$A:$C,3,0),0) -> 300000 | I6: =D6*IFERROR(VLOOKUP(A6,Jugadores_Contratos!$A:$D,4,0),0) -> 0 | J6: =E6*IFERROR(VLOOKUP(A6,Jugadores_Contratos!$A:$E,5,0),0) -> 0 | K6: =F6*IFERROR(VLOOKUP(A6,Jugadores_Contratos!$A:$F,6,0),0) -> 20000 | L6: =G6*IFERROR(VLOOKUP(A6,Jugadores_Contratos!$A:$G,7,0),0) -> 0 | M6: =(C6+D6+E6)*IFERROR(VLOOKUP(A6,Jugadores_Contratos!$A:$H,8,0),0) -> 0 | N6: =H6+I6+J6+K6+L6+M6 -> 320000
A7: =Jugadores_Contratos!A7 -> Fossarelli Adrian | B7: =IFERROR(VLOOKUP(A7,Jugadores_Contratos!$A:$B,2,0),"") -> Mensual | C7: =COUNTIFS(Dashboard_Data!$E$2:$E$1000,A7,Dashboard_Data!$F$2:$F$1000,"T",Dashboard_Data!$A$2:$A$1000,">="&Config!$B$2,Dashboard_Data!$A$2:$A$1000,"<="&Config!$B$3) +COUNTIFS(Dashboard_Data!$E$2:$E$1000,A7,Dashboard_Data!$F$2:$F$1000,"T, A",Dashboard_Data!$A$2:$A$1000,">="&Config!$B$2,Dashboard_Data!$A$2:$A$1000,"<="&Config!$B$3) -> 0 | D7: =COUNTIFS(Dashboard_Data!$E$2:$E$1000,A7,Dashboard_Data!$F$2:$F$1000,"S",Dashboard_Data!$A$2:$A$1000,">="&Config!$B$2,Dashboard_Data!$A$2:$A$1000,"<="&Config!$B$3)+COUNTIFS(Dashboard_Data!$E$2:$E$1000,A7,Dashboard_Data!$F$2:$F$1000,"S, A",Dashboard_Data!$A$2:$A$1000,">="&Config!$B$2,Dashboard_Data!$A$2:$A$1000,"<="&Config!$B$3) -> 0 | E7: =COUNTIFS(Dashboard_Data!$E$2:$E$1000,A7,Dashboard_Data!$F$2:$F$1000,"S/con minutos",Dashboard_Data!$A$2:$A$1000,">="&Config!$B$2,Dashboard_Data!$A$2:$A$1000,"<="&Config!$B$3) + COUNTIFS(Dashboard_Data!$E$2:$E$1000,A7,Dashboard_Data!$F$2:$F$1000,"S/con minutos, A",Dashboard_Data!$A$2:$A$1000,">="&Config!$B$2,Dashboard_Data!$A$2:$A$1000,"<="&Config!$B$3) -> 0 | F7: =SUMIFS(Dashboard_Data!$G$2:$G$1000,Dashboard_Data!$E$2:$E$1000,A7,Dashboard_Data!$A$2:$A$1000,">="&Config!$B$2,Dashboard_Data!$A$2:$A$1000,"<="&Config!$B$3) -> 0 | G7: =COUNTIFS(Dashboard_Data!$E$2:$E$1000,A7,Dashboard_Data!$D$2:$D$1000,"SI",Dashboard_Data!$F$2:$F$1000,"T, A",Dashboard_Data!$A$2:$A$1000,">="&Config!$B$2,Dashboard_Data!$A$2:$A$1000,"<="&Config!$B$3)+ +COUNTIFS(Dashboard_Data!$E$2:$E$1000,A7,Dashboard_Data!$D$2:$D$1000,"SI",Dashboard_Data!$F$2:$F$1000,"S/con minutos, A",Dashboard_Data!$A$2:$A$1000,">="&Config!$B$2,Dashboard_Data!$A$2:$A$1000,"<="&Config!$B$3) -> 0 | H7: =C7*IFERROR(VLOOKUP(A7,Jugadores_Contratos!$A:$C,3,0),0) -> 0 | I7: =D7*IFERROR(VLOOKUP(A7,Jugadores_Contratos!$A:$D,4,0),0) -> 0 | J7: =E7*IFERROR(VLOOKUP(A7,Jugadores_Contratos!$A:$E,5,0),0) -> 0 | K7: =F7*IFERROR(VLOOKUP(A7,Jugadores_Contratos!$A:$F,6,0),0) -> 0 | L7: =G7*IFERROR(VLOOKUP(A7,Jugadores_Contratos!$A:$G,7,0),0) -> 0 | M7: =(C7+D7+E7)*IFERROR(VLOOKUP(A7,Jugadores_Contratos!$A:$H,8,0),0) -> 0 | N7: =H7+I7+J7+K7+L7+M7 -> 0
A8: Bernaus Agustin | B8: =IFERROR(VLOOKUP(A8,Jugadores_Contratos!$A:$B,2,0),"") -> X Fecha | C8: =COUNTIFS(Dashboard_Data!$E$2:$E$1000,A8,Dashboard_Data!$F$2:$F$1000,"T",Dashboard_Data!$A$2:$A$1000,">="&Config!$B$2,Dashboard_Data!$A$2:$A$1000,"<="&Config!$B$3) +COUNTIFS(Dashboard_Data!$E$2:$E$1000,A8,Dashboard_Data!$F$2:$F$1000,"T, A",Dashboard_Data!$A$2:$A$1000,">="&Config!$B$2,Dashboard_Data!$A$2:$A$1000,"<="&Config!$B$3) -> 3 | D8: =COUNTIFS(Dashboard_Data!$E$2:$E$1000,A8,Dashboard_Data!$F$2:$F$1000,"S",Dashboard_Data!$A$2:$A$1000,">="&Config!$B$2,Dashboard_Data!$A$2:$A$1000,"<="&Config!$B$3)+COUNTIFS(Dashboard_Data!$E$2:$E$1000,A8,Dashboard_Data!$F$2:$F$1000,"S, A",Dashboard_Data!$A$2:$A$1000,">="&Config!$B$2,Dashboard_Data!$A$2:$A$1000,"<="&Config!$B$3) -> 0 | E8: =COUNTIFS(Dashboard_Data!$E$2:$E$1000,A8,Dashboard_Data!$F$2:$F$1000,"S/con minutos",Dashboard_Data!$A$2:$A$1000,">="&Config!$B$2,Dashboard_Data!$A$2:$A$1000,"<="&Config!$B$3) + COUNTIFS(Dashboard_Data!$E$2:$E$1000,A8,Dashboard_Data!$F$2:$F$1000,"S/con minutos, A",Dashboard_Data!$A$2:$A$1000,">="&Config!$B$2,Dashboard_Data!$A$2:$A$1000,"<="&Config!$B$3) -> 0 | F8: =SUMIFS(Dashboard_Data!$G$2:$G$1000,Dashboard_Data!$E$2:$E$1000,A8,Dashboard_Data!$A$2:$A$1000,">="&Config!$B$2,Dashboard_Data!$A$2:$A$1000,"<="&Config!$B$3) -> 0 | G8: =COUNTIFS(Dashboard_Data!$E$2:$E$1000,A8,Dashboard_Data!$D$2:$D$1000,"SI",Dashboard_Data!$F$2:$F$1000,"T, A",Dashboard_Data!$A$2:$A$1000,">="&Config!$B$2,Dashboard_Data!$A$2:$A$1000,"<="&Config!$B$3)+ +COUNTIFS(Dashboard_Data!$E$2:$E$1000,A8,Dashboard_Data!$D$2:$D$1000,"SI",Dashboard_Data!$F$2:$F$1000,"S/con minutos, A",Dashboard_Data!$A$2:$A$1000,">="&Config!$B$2,Dashboard_Data!$A$2:$A$1000,"<="&Config!$B$3) -> 0 | H8: =C8*IFERROR(VLOOKUP(A8,Jugadores_Contratos!$A:$C,3,0),0) -> 210000 | I8: =D8*IFERROR(VLOOKUP(A8,Jugadores_Contratos!$A:$D,4,0),0) -> 0 | J8: =E8*IFERROR(VLOOKUP(A8,Jugadores_Contratos!$A:$E,5,0),0) -> 0 | K8: =F8*IFERROR(VLOOKUP(A8,Jugadores_Contratos!$A:$F,6,0),0) -> 0 | L8: =G8*IFERROR(VLOOKUP(A8,Jugadores_Contratos!$A:$G,7,0),0) -> 0 | M8: =(C8+D8+E8)*IFERROR(VLOOKUP(A8,Jugadores_Contratos!$A:$H,8,0),0) -> 0 | N8: =H8+I8+J8+K8+L8+M8 -> 210000
A9: =Jugadores_Contratos!A9 -> Gamarino Emiliano | B9: =IFERROR(VLOOKUP(A9,Jugadores_Contratos!$A:$B,2,0),"") -> Mensual | C9: =COUNTIFS(Dashboard_Data!$E$2:$E$1000,A9,Dashboard_Data!$F$2:$F$1000,"T",Dashboard_Data!$A$2:$A$1000,">="&Config!$B$2,Dashboard_Data!$A$2:$A$1000,"<="&Config!$B$3) +COUNTIFS(Dashboard_Data!$E$2:$E$1000,A9,Dashboard_Data!$F$2:$F$1000,"T, A",Dashboard_Data!$A$2:$A$1000,">="&Config!$B$2,Dashboard_Data!$A$2:$A$1000,"<="&Config!$B$3) -> 0 | D9: =COUNTIFS(Dashboard_Data!$E$2:$E$1000,A9,Dashboard_Data!$F$2:$F$1000,"S",Dashboard_Data!$A$2:$A$1000,">="&Config!$B$2,Dashboard_Data!$A$2:$A$1000,"<="&Config!$B$3)+COUNTIFS(Dashboard_Data!$E$2:$E$1000,A9,Dashboard_Data!$F$2:$F$1000,"S, A",Dashboard_Data!$A$2:$A$1000,">="&Config!$B$2,Dashboard_Data!$A$2:$A$1000,"<="&Config!$B$3) -> 0 | E9: =COUNTIFS(Dashboard_Data!$E$2:$E$1000,A9,Dashboard_Data!$F$2:$F$1000,"S/con minutos",Dashboard_Data!$A$2:$A$1000,">="&Config!$B$2,Dashboard_Data!$A$2:$A$1000,"<="&Config!$B$3) + COUNTIFS(Dashboard_Data!$E$2:$E$1000,A9,Dashboard_Data!$F$2:$F$1000,"S/con minutos, A",Dashboard_Data!$A$2:$A$1000,">="&Config!$B$2,Dashboard_Data!$A$2:$A$1000,"<="&Config!$B$3) -> 0 | F9: =SUMIFS(Dashboard_Data!$G$2:$G$1000,Dashboard_Data!$E$2:$E$1000,A9,Dashboard_Data!$A$2:$A$1000,">="&Config!$B$2,Dashboard_Data!$A$2:$A$1000,"<="&Config!$B$3) -> 0 | G9: =COUNTIFS(Dashboard_Data!$E$2:$E$1000,A9,Dashboard_Data!$D$2:$D$1000,"SI",Dashboard_Data!$F$2:$F$1000,"T, A",Dashboard_Data!$A$2:$A$1000,">="&Config!$B$2,Dashboard_Data!$A$2:$A$1000,"<="&Config!$B$3)+ +COUNTIFS(Dashboard_Data!$E$2:$E$1000,A9,Dashboard_Data!$D$2:$D$1000,"SI",Dashboard_Data!$F$2:$F$1000,"S/con minutos, A",Dashboard_Data!$A$2:$A$1000,">="&Config!$B$2,Dashboard_Data!$A$2:$A$1000,"<="&Config!$B$3) -> 0 | H9: =C9*IFERROR(VLOOKUP(A9,Jugadores_Contratos!$A:$C,3,0),0) -> 0 | I9: =D9*IFERROR(VLOOKUP(A9,Jugadores_Contratos!$A:$D,4,0),0) -> 0 | J9: =E9*IFERROR(VLOOKUP(A9,Jugadores_Contratos!$A:$E,5,0),0) -> 0 | K9: =F9*IFERROR(VLOOKUP(A9,Jugadores_Contratos!$A:$F,6,0),0) -> 0 | L9: =G9*IFERROR(VLOOKUP(A9,Jugadores_Contratos!$A:$G,7,0),0) -> 0 | M9: =(C9+D9+E9)*IFERROR(VLOOKUP(A9,Jugadores_Contratos!$A:$H,8,0),0) -> 0 | N9: =H9+I9+J9+K9+L9+M9 -> 0
A10: =Jugadores_Contratos!A10 -> GOMEZ Gustavo | B10: =IFERROR(VLOOKUP(A10,Jugadores_Contratos!$A:$B,2,0),"") -> Mensual | C10: =COUNTIFS(Dashboard_Data!$E$2:$E$1000,A10,Dashboard_Data!$F$2:$F$1000,"T",Dashboard_Data!$A$2:$A$1000,">="&Config!$B$2,Dashboard_Data!$A$2:$A$1000,"<="&Config!$B$3) +COUNTIFS(Dashboard_Data!$E$2:$E$1000,A10,Dashboard_Data!$F$2:$F$1000,"T, A",Dashboard_Data!$A$2:$A$1000,">="&Config!$B$2,Dashboard_Data!$A$2:$A$1000,"<="&Config!$B$3) -> 3 | D10: =COUNTIFS(Dashboard_Data!$E$2:$E$1000,A10,Dashboard_Data!$F$2:$F$1000,"S",Dashboard_Data!$A$2:$A$1000,">="&Config!$B$2,Dashboard_Data!$A$2:$A$1000,"<="&Config!$B$3)+COUNTIFS(Dashboard_Data!$E$2:$E$1000,A10,Dashboard_Data!$F$2:$F$1000,"S, A",Dashboard_Data!$A$2:$A$1000,">="&Config!$B$2,Dashboard_Data!$A$2:$A$1000,"<="&Config!$B$3) -> 0 | E10: =COUNTIFS(Dashboard_Data!$E$2:$E$1000,A10,Dashboard_Data!$F$2:$F$1000,"S/con minutos",Dashboard_Data!$A$2:$A$1000,">="&Config!$B$2,Dashboard_Data!$A$2:$A$1000,"<="&Config!$B$3) + COUNTIFS(Dashboard_Data!$E$2:$E$1000,A10,Dashboard_Data!$F$2:$F$1000,"S/con minutos, A",Dashboard_Data!$A$2:$A$1000,">="&Config!$B$2,Dashboard_Data!$A$2:$A$1000,"<="&Config!$B$3) -> 0 | F10: =SUMIFS(Dashboard_Data!$G$2:$G$1000,Dashboard_Data!$E$2:$E$1000,A10,Dashboard_Data!$A$2:$A$1000,">="&Config!$B$2,Dashboard_Data!$A$2:$A$1000,"<="&Config!$B$3) -> 0 | G10: =COUNTIFS(Dashboard_Data!$E$2:$E$1000,A10,Dashboard_Data!$D$2:$D$1000,"SI",Dashboard_Data!$F$2:$F$1000,"T, A",Dashboard_Data!$A$2:$A$1000,">="&Config!$B$2,Dashboard_Data!$A$2:$A$1000,"<="&Config!$B$3)+ +COUNTIFS(Dashboard_Data!$E$2:$E$1000,A10,Dashboard_Data!$D$2:$D$1000,"SI",Dashboard_Data!$F$2:$F$1000,"S/con minutos, A",Dashboard_Data!$A$2:$A$1000,">="&Config!$B$2,Dashboard_Data!$A$2:$A$1000,"<="&Config!$B$3) -> 0 | H10: =C10*IFERROR(VLOOKUP(A10,Jugadores_Contratos!$A:$C,3,0),0) -> 1350000 | I10: =D10*IFERROR(VLOOKUP(A10,Jugadores_Contratos!$A:$D,4,0),0) -> 0 | J10: =E10*IFERROR(VLOOKUP(A10,Jugadores_Contratos!$A:$E,5,0),0) -> 0 | K10: =F10*IFERROR(VLOOKUP(A10,Jugadores_Contratos!$A:$F,6,0),0) -> 0 | L10: =G10*IFERROR(VLOOKUP(A10,Jugadores_Contratos!$A:$G,7,0),0) -> 0 | M10: =(C10+D10+E10)*IFERROR(VLOOKUP(A10,Jugadores_Contratos!$A:$H,8,0),0) -> 0 | N10: =H10+I10+J10+K10+L10+M10 -> 1350000
A11: Ñañez Ruben | B11: =IFERROR(VLOOKUP(A11,Jugadores_Contratos!$A:$B,2,0),"") -> X Fecha | C11: =COUNTIFS(Dashboard_Data!$E$2:$E$1000,A11,Dashboard_Data!$F$2:$F$1000,"T",Dashboard_Data!$A$2:$A$1000,">="&Config!$B$2,Dashboard_Data!$A$2:$A$1000,"<="&Config!$B$3) +COUNTIFS(Dashboard_Data!$E$2:$E$1000,A11,Dashboard_Data!$F$2:$F$1000,"T, A",Dashboard_Data!$A$2:$A$1000,">="&Config!$B$2,Dashboard_Data!$A$2:$A$1000,"<="&Config!$B$3) -> 3 | D11: =COUNTIFS(Dashboard_Data!$E$2:$E$1000,A11,Dashboard_Data!$F$2:$F$1000,"S",Dashboard_Data!$A$2:$A$1000,">="&Config!$B$2,Dashboard_Data!$A$2:$A$1000,"<="&Config!$B$3)+COUNTIFS(Dashboard_Data!$E$2:$E$1000,A11,Dashboard_Data!$F$2:$F$1000,"S, A",Dashboard_Data!$A$2:$A$1000,">="&Config!$B$2,Dashboard_Data!$A$2:$A$1000,"<="&Config!$B$3) -> 0 | E11: =COUNTIFS(Dashboard_Data!$E$2:$E$1000,A11,Dashboard_Data!$F$2:$F$1000,"S/con minutos",Dashboard_Data!$A$2:$A$1000,">="&Config!$B$2,Dashboard_Data!$A$2:$A$1000,"<="&Config!$B$3) + COUNTIFS(Dashboard_Data!$E$2:$E$1000,A11,Dashboard_Data!$F$2:$F$1000,"S/con minutos, A",Dashboard_Data!$A$2:$A$1000,">="&Config!$B$2,Dashboard_Data!$A$2:$A$1000,"<="&Config!$B$3) -> 0 | F11: =SUMIFS(Dashboard_Data!$G$2:$G$1000,Dashboard_Data!$E$2:$E$1000,A11,Dashboard_Data!$A$2:$A$1000,">="&Config!$B$2,Dashboard_Data!$A$2:$A$1000,"<="&Config!$B$3) -> 0 | G11: =COUNTIFS(Dashboard_Data!$E$2:$E$1000,A11,Dashboard_Data!$D$2:$D$1000,"SI",Dashboard_Data!$F$2:$F$1000,"T, A",Dashboard_Data!$A$2:$A$1000,">="&Config!$B$2,Dashboard_Data!$A$2:$A$1000,"<="&Config!$B$3)+ +COUNTIFS(Dashboard_Data!$E$2:$E$1000,A11,Dashboard_Data!$D$2:$D$1000,"SI",Dashboard_Data!$F$2:$F$1000,"S/con minutos, A",Dashboard_Data!$A$2:$A$1000,">="&Config!$B$2,Dashboard_Data!$A$2:$A$1000,"<="&Config!$B$3) -> 0 | H11: =C11*IFERROR(VLOOKUP(A11,Jugadores_Contratos!$A:$C,3,0),0) -> 300000 | I11: =D11*IFERROR(VLOOKUP(A11,Jugadores_Contratos!$A:$D,4,0),0) -> 0 | J11: =E11*IFERROR(VLOOKUP(A11,Jugadores_Contratos!$A:$E,5,0),0) -> 0 | K11: =F11*IFERROR(VLOOKUP(A11,Jugadores_Contratos!$A:$F,6,0),0) -> 0 | L11: =G11*IFERROR(VLOOKUP(A11,Jugadores_Contratos!$A:$G,7,0),0) -> 0 | M11: =(C11+D11+E11)*IFERROR(VLOOKUP(A11,Jugadores_Contratos!$A:$H,8,0),0) -> 0 | N11: =H11+I11+J11+K11+L11+M11 -> 300000
A12: Vijarra Nahuel | B12: =IFERROR(VLOOKUP(A12,Jugadores_Contratos!$A:$B,2,0),"") -> X Fecha | C12: =COUNTIFS(Dashboard_Data!$E$2:$E$1000,A12,Dashboard_Data!$F$2:$F$1000,"T",Dashboard_Data!$A$2:$A$1000,">="&Config!$B$2,Dashboard_Data!$A$2:$A$1000,"<="&Config!$B$3) +COUNTIFS(Dashboard_Data!$E$2:$E$1000,A12,Dashboard_Data!$F$2:$F$1000,"T, A",Dashboard_Data!$A$2:$A$1000,">="&Config!$B$2,Dashboard_Data!$A$2:$A$1000,"<="&Config!$B$3) -> 0 | D12: =COUNTIFS(Dashboard_Data!$E$2:$E$1000,A12,Dashboard_Data!$F$2:$F$1000,"S",Dashboard_Data!$A$2:$A$1000,">="&Config!$B$2,Dashboard_Data!$A$2:$A$1000,"<="&Config!$B$3)+COUNTIFS(Dashboard_Data!$E$2:$E$1000,A12,Dashboard_Data!$F$2:$F$1000,"S, A",Dashboard_Data!$A$2:$A$1000,">="&Config!$B$2,Dashboard_Data!$A$2:$A$1000,"<="&Config!$B$3) -> 2 | E12: =COUNTIFS(Dashboard_Data!$E$2:$E$1000,A12,Dashboard_Data!$F$2:$F$1000,"S/con minutos",Dashboard_Data!$A$2:$A$1000,">="&Config!$B$2,Dashboard_Data!$A$2:$A$1000,"<="&Config!$B$3) + COUNTIFS(Dashboard_Data!$E$2:$E$1000,A12,Dashboard_Data!$F$2:$F$1000,"S/con minutos, A",Dashboard_Data!$A$2:$A$1000,">="&Config!$B$2,Dashboard_Data!$A$2:$A$1000,"<="&Config!$B$3) -> 0 | F12: =SUMIFS(Dashboard_Data!$G$2:$G$1000,Dashboard_Data!$E$2:$E$1000,A12,Dashboard_Data!$A$2:$A$1000,">="&Config!$B$2,Dashboard_Data!$A$2:$A$1000,"<="&Config!$B$3) -> 0 | G12: =COUNTIFS(Dashboard_Data!$E$2:$E$1000,A12,Dashboard_Data!$D$2:$D$1000,"SI",Dashboard_Data!$F$2:$F$1000,"T, A",Dashboard_Data!$A$2:$A$1000,">="&Config!$B$2,Dashboard_Data!$A$2:$A$1000,"<="&Config!$B$3)+ +COUNTIFS(Dashboard_Data!$E$2:$E$1000,A12,Dashboard_Data!$D$2:$D$1000,"SI",Dashboard_Data!$F$2:$F$1000,"S/con minutos, A",Dashboard_Data!$A$2:$A$1000,">="&Config!$B$2,Dashboard_Data!$A$2:$A$1000,"<="&Config!$B$3) -> 0 | H12: =C12*IFERROR(VLOOKUP(A12,Jugadores_Contratos!$A:$C,3,0),0) -> 0 | I12: =D12*IFERROR(VLOOKUP(A12,Jugadores_Contratos!$A:$D,4,0),0) -> 100000 | J12: =E12*IFERROR(VLOOKUP(A12,Jugadores_Contratos!$A:$E,5,0),0) -> 0 | K12: =F12*IFERROR(VLOOKUP(A12,Jugadores_Contratos!$A:$F,6,0),0) -> 0 | L12: =G12*IFERROR(VLOOKUP(A12,Jugadores_Contratos!$A:$G,7,0),0) -> 0 | M12: =(C12+D12+E12)*IFERROR(VLOOKUP(A12,Jugadores_Contratos!$A:$H,8,0),0) -> 0 | N12: =H12+I12+J12+K12+L12+M12 -> 100000
A13: =Jugadores_Contratos!A13 -> LANDRIEL Federico | B13: =IFERROR(VLOOKUP(A13,Jugadores_Contratos!$A:$B,2,0),"") -> X Fecha | C13: =COUNTIFS(Dashboard_Data!$E$2:$E$1000,A13,Dashboard_Data!$F$2:$F$1000,"T",Dashboard_Data!$A$2:$A$1000,">="&Config!$B$2,Dashboard_Data!$A$2:$A$1000,"<="&Config!$B$3) +COUNTIFS(Dashboard_Data!$E$2:$E$1000,A13,Dashboard_Data!$F$2:$F$1000,"T, A",Dashboard_Data!$A$2:$A$1000,">="&Config!$B$2,Dashboard_Data!$A$2:$A$1000,"<="&Config!$B$3) -> 0 | D13: =COUNTIFS(Dashboard_Data!$E$2:$E$1000,A13,Dashboard_Data!$F$2:$F$1000,"S",Dashboard_Data!$A$2:$A$1000,">="&Config!$B$2,Dashboard_Data!$A$2:$A$1000,"<="&Config!$B$3)+COUNTIFS(Dashboard_Data!$E$2:$E$1000,A13,Dashboard_Data!$F$2:$F$1000,"S, A",Dashboard_Data!$A$2:$A$1000,">="&Config!$B$2,Dashboard_Data!$A$2:$A$1000,"<="&Config!$B$3) -> 1 | E13: =COUNTIFS(Dashboard_Data!$E$2:$E$1000,A13,Dashboard_Data!$F$2:$F$1000,"S/con minutos",Dashboard_Data!$A$2:$A$1000,">="&Config!$B$2,Dashboard_Data!$A$2:$A$1000,"<="&Config!$B$3) + COUNTIFS(Dashboard_Data!$E$2:$E$1000,A13,Dashboard_Data!$F$2:$F$1000,"S/con minutos, A",Dashboard_Data!$A$2:$A$1000,">="&Config!$B$2,Dashboard_Data!$A$2:$A$1000,"<="&Config!$B$3) -> 0 | F13: =SUMIFS(Dashboard_Data!$G$2:$G$1000,Dashboard_Data!$E$2:$E$1000,A13,Dashboard_Data!$A$2:$A$1000,">="&Config!$B$2,Dashboard_Data!$A$2:$A$1000,"<="&Config!$B$3) -> 0 | G13: =COUNTIFS(Dashboard_Data!$E$2:$E$1000,A13,Dashboard_Data!$D$2:$D$1000,"SI",Dashboard_Data!$F$2:$F$1000,"T, A",Dashboard_Data!$A$2:$A$1000,">="&Config!$B$2,Dashboard_Data!$A$2:$A$1000,"<="&Config!$B$3)+ +COUNTIFS(Dashboard_Data!$E$2:$E$1000,A13,Dashboard_Data!$D$2:$D$1000,"SI",Dashboard_Data!$F$2:$F$1000,"S/con minutos, A",Dashboard_Data!$A$2:$A$1000,">="&Config!$B$2,Dashboard_Data!$A$2:$A$1000,"<="&Config!$B$3) -> 0 | H13: =C13*IFERROR(VLOOKUP(A13,Jugadores_Contratos!$A:$C,3,0),0) -> 0 | I13: =D13*IFERROR(VLOOKUP(A13,Jugadores_Contratos!$A:$D,4,0),0) -> 50000 | J13: =E13*IFERROR(VLOOKUP(A13,Jugadores_Contratos!$A:$E,5,0),0) -> 0 | K13: =F13*IFERROR(VLOOKUP(A13,Jugadores_Contratos!$A:$F,6,0),0) -> 0 | L13: =G13*IFERROR(VLOOKUP(A13,Jugadores_Contratos!$A:$G,7,0),0) -> 0 | M13: =(C13+D13+E13)*IFERROR(VLOOKUP(A13,Jugadores_Contratos!$A:$H,8,0),0) -> 0 | N13: =H13+I13+J13+K13+L13+M13 -> 50000
A14: =Jugadores_Contratos!A14 -> Lazaneo Juan Manuel | B14: =IFERROR(VLOOKUP(A14,Jugadores_Contratos!$A:$B,2,0),"") -> Mensual | C14: =COUNTIFS(Dashboard_Data!$E$2:$E$1000,A14,Dashboard_Data!$F$2:$F$1000,"T",Dashboard_Data!$A$2:$A$1000,">="&Config!$B$2,Dashboard_Data!$A$2:$A$1000,"<="&Config!$B$3) +COUNTIFS(Dashboard_Data!$E$2:$E$1000,A14,Dashboard_Data!$F$2:$F$1000,"T, A",Dashboard_Data!$A$2:$A$1000,">="&Config!$B$2,Dashboard_Data!$A$2:$A$1000,"<="&Config!$B$3) -> 3 | D14: =COUNTIFS(Dashboard_Data!$E$2:$E$1000,A14,Dashboard_Data!$F$2:$F$1000,"S",Dashboard_Data!$A$2:$A$1000,">="&Config!$B$2,Dashboard_Data!$A$2:$A$1000,"<="&Config!$B$3)+COUNTIFS(Dashboard_Data!$E$2:$E$1000,A14,Dashboard_Data!$F$2:$F$1000,"S, A",Dashboard_Data!$A$2:$A$1000,">="&Config!$B$2,Dashboard_Data!$A$2:$A$1000,"<="&Config!$B$3) -> 0 | E14: =COUNTIFS(Dashboard_Data!$E$2:$E$1000,A14,Dashboard_Data!$F$2:$F$1000,"S/con minutos",Dashboard_Data!$A$2:$A$1000,">="&Config!$B$2,Dashboard_Data!$A$2:$A$1000,"<="&Config!$B$3) + COUNTIFS(Dashboard_Data!$E$2:$E$1000,A14,Dashboard_Data!$F$2:$F$1000,"S/con minutos, A",Dashboard_Data!$A$2:$A$1000,">="&Config!$B$2,Dashboard_Data!$A$2:$A$1000,"<="&Config!$B$3) -> 0 | F14: =SUMIFS(Dashboard_Data!$G$2:$G$1000,Dashboard_Data!$E$2:$E$1000,A14,Dashboard_Data!$A$2:$A$1000,">="&Config!$B$2,Dashboard_Data!$A$2:$A$1000,"<="&Config!$B$3) -> 0 | G14: =COUNTIFS(Dashboard_Data!$E$2:$E$1000,A14,Dashboard_Data!$D$2:$D$1000,"SI",Dashboard_Data!$F$2:$F$1000,"T, A",Dashboard_Data!$A$2:$A$1000,">="&Config!$B$2,Dashboard_Data!$A$2:$A$1000,"<="&Config!$B$3)+ +COUNTIFS(Dashboard_Data!$E$2:$E$1000,A14,Dashboard_Data!$D$2:$D$1000,"SI",Dashboard_Data!$F$2:$F$1000,"S/con minutos, A",Dashboard_Data!$A$2:$A$1000,">="&Config!$B$2,Dashboard_Data!$A$2:$A$1000,"<="&Config!$B$3) -> 0 | H14: =C14*IFERROR(VLOOKUP(A14,Jugadores_Contratos!$A:$C,3,0),0) -> 5700000 | I14: =D14*IFERROR(VLOOKUP(A14,Jugadores_Contratos!$A:$D,4,0),0) -> 0 | J14: =E14*IFERROR(VLOOKUP(A14,Jugadores_Contratos!$A:$E,5,0),0) -> 0 | K14: =F14*IFERROR(VLOOKUP(A14,Jugadores_Contratos!$A:$F,6,0),0) -> 0 | L14: =G14*IFERROR(VLOOKUP(A14,Jugadores_Contratos!$A:$G,7,0),0) -> 0 | M14: =(C14+D14+E14)*IFERROR(VLOOKUP(A14,Jugadores_Contratos!$A:$H,8,0),0) -> 0 | N14: =H14+I14+J14+K14+L14+M14 -> 5700000
A15: =Jugadores_Contratos!A15 -> LECUIMA Esteban | B15: =IFERROR(VLOOKUP(A15,Jugadores_Contratos!$A:$B,2,0),"") -> X Fecha | C15: =COUNTIFS(Dashboard_Data!$E$2:$E$1000,A15,Dashboard_Data!$F$2:$F$1000,"T",Dashboard_Data!$A$2:$A$1000,">="&Config!$B$2,Dashboard_Data!$A$2:$A$1000,"<="&Config!$B$3) +COUNTIFS(Dashboard_Data!$E$2:$E$1000,A15,Dashboard_Data!$F$2:$F$1000,"T, A",Dashboard_Data!$A$2:$A$1000,">="&Config!$B$2,Dashboard_Data!$A$2:$A$1000,"<="&Config!$B$3) -> 3 | D15: =COUNTIFS(Dashboard_Data!$E$2:$E$1000,A15,Dashboard_Data!$F$2:$F$1000,"S",Dashboard_Data!$A$2:$A$1000,">="&Config!$B$2,Dashboard_Data!$A$2:$A$1000,"<="&Config!$B$3)+COUNTIFS(Dashboard_Data!$E$2:$E$1000,A15,Dashboard_Data!$F$2:$F$1000,"S, A",Dashboard_Data!$A$2:$A$1000,">="&Config!$B$2,Dashboard_Data!$A$2:$A$1000,"<="&Config!$B$3) -> 0 | E15: =COUNTIFS(Dashboard_Data!$E$2:$E$1000,A15,Dashboard_Data!$F$2:$F$1000,"S/con minutos",Dashboard_Data!$A$2:$A$1000,">="&Config!$B$2,Dashboard_Data!$A$2:$A$1000,"<="&Config!$B$3) + COUNTIFS(Dashboard_Data!$E$2:$E$1000,A15,Dashboard_Data!$F$2:$F$1000,"S/con minutos, A",Dashboard_Data!$A$2:$A$1000,">="&Config!$B$2,Dashboard_Data!$A$2:$A$1000,"<="&Config!$B$3) -> 0 | F15: =SUMIFS(Dashboard_Data!$G$2:$G$1000,Dashboard_Data!$E$2:$E$1000,A15,Dashboard_Data!$A$2:$A$1000,">="&Config!$B$2,Dashboard_Data!$A$2:$A$1000,"<="&Config!$B$3) -> 0 | G15: =COUNTIFS(Dashboard_Data!$E$2:$E$1000,A15,Dashboard_Data!$D$2:$D$1000,"SI",Dashboard_Data!$F$2:$F$1000,"T, A",Dashboard_Data!$A$2:$A$1000,">="&Config!$B$2,Dashboard_Data!$A$2:$A$1000,"<="&Config!$B$3)+ +COUNTIFS(Dashboard_Data!$E$2:$E$1000,A15,Dashboard_Data!$D$2:$D$1000,"SI",Dashboard_Data!$F$2:$F$1000,"S/con minutos, A",Dashboard_Data!$A$2:$A$1000,">="&Config!$B$2,Dashboard_Data!$A$2:$A$1000,"<="&Config!$B$3) -> 2 | H15: =IF(C15=2,IFERROR(VLOOKUP(A15,Jugadores_Contratos!$A:$C,3,0),0),0) -> 0 | I15: =D15*IFERROR(VLOOKUP(A15,Jugadores_Contratos!$A:$D,4,0),0) -> 0 | J15: =E15*IFERROR(VLOOKUP(A15,Jugadores_Contratos!$A:$E,5,0),0) -> 0 | K15: =F15*IFERROR(VLOOKUP(A15,Jugadores_Contratos!$A:$F,6,0),0) -> 0 | L15: =G15*IFERROR(VLOOKUP(A15,Jugadores_Contratos!$A:$G,7,0),0) -> 60000 | M15: =(C15+D15+E15)*IFERROR(VLOOKUP(A15,Jugadores_Contratos!$A:$H,8,0),0) -> 75000 | N15: =H15+I15+J15+K15+L15+M15 -> 135000
A16: Diaz Jonatan | B16: =IFERROR(VLOOKUP(A16,Jugadores_Contratos!$A:$B,2,0),"") -> X Fecha | C16: =COUNTIFS(Dashboard_Data!$E$2:$E$1000,A16,Dashboard_Data!$F$2:$F$1000,"T",Dashboard_Data!$A$2:$A$1000,">="&Config!$B$2,Dashboard_Data!$A$2:$A$1000,"<="&Config!$B$3) +COUNTIFS(Dashboard_Data!$E$2:$E$1000,A16,Dashboard_Data!$F$2:$F$1000,"T, A",Dashboard_Data!$A$2:$A$1000,">="&Config!$B$2,Dashboard_Data!$A$2:$A$1000,"<="&Config!$B$3) -> 3 | D16: =COUNTIFS(Dashboard_Data!$E$2:$E$1000,A16,Dashboard_Data!$F$2:$F$1000,"S",Dashboard_Data!$A$2:$A$1000,">="&Config!$B$2,Dashboard_Data!$A$2:$A$1000,"<="&Config!$B$3)+COUNTIFS(Dashboard_Data!$E$2:$E$1000,A16,Dashboard_Data!$F$2:$F$1000,"S, A",Dashboard_Data!$A$2:$A$1000,">="&Config!$B$2,Dashboard_Data!$A$2:$A$1000,"<="&Config!$B$3) -> 0 | E16: =COUNTIFS(Dashboard_Data!$E$2:$E$1000,A16,Dashboard_Data!$F$2:$F$1000,"S/con minutos",Dashboard_Data!$A$2:$A$1000,">="&Config!$B$2,Dashboard_Data!$A$2:$A$1000,"<="&Config!$B$3) + COUNTIFS(Dashboard_Data!$E$2:$E$1000,A16,Dashboard_Data!$F$2:$F$1000,"S/con minutos, A",Dashboard_Data!$A$2:$A$1000,">="&Config!$B$2,Dashboard_Data!$A$2:$A$1000,"<="&Config!$B$3) -> 0 | F16: =SUMIFS(Dashboard_Data!$G$2:$G$1000,Dashboard_Data!$E$2:$E$1000,A16,Dashboard_Data!$A$2:$A$1000,">="&Config!$B$2,Dashboard_Data!$A$2:$A$1000,"<="&Config!$B$3) -> 1 | G16: =COUNTIFS(Dashboard_Data!$E$2:$E$1000,A16,Dashboard_Data!$D$2:$D$1000,"SI",Dashboard_Data!$F$2:$F$1000,"T, A",Dashboard_Data!$A$2:$A$1000,">="&Config!$B$2,Dashboard_Data!$A$2:$A$1000,"<="&Config!$B$3)+ +COUNTIFS(Dashboard_Data!$E$2:$E$1000,A16,Dashboard_Data!$D$2:$D$1000,"SI",Dashboard_Data!$F$2:$F$1000,"S/con minutos, A",Dashboard_Data!$A$2:$A$1000,">="&Config!$B$2,Dashboard_Data!$A$2:$A$1000,"<="&Config!$B$3) -> 0 | H16: =C16*IFERROR(VLOOKUP(A16,Jugadores_Contratos!$A:$C,3,0),0) -> 300000 | I16: =D16*IFERROR(VLOOKUP(A16,Jugadores_Contratos!$A:$D,4,0),0) -> 0 | J16: =E16*IFERROR(VLOOKUP(A16,Jugadores_Contratos!$A:$E,5,0),0) -> 0 | K16: =F16*IFERROR(VLOOKUP(A16,Jugadores_Contratos!$A:$F,6,0),0) -> 20000 | L16: =G16*IFERROR(VLOOKUP(A16,Jugadores_Contratos!$A:$G,7,0),0) -> 0 | M16: =(C16+D16+E16)*IFERROR(VLOOKUP(A16,Jugadores_Contratos!$A:$H,8,0),0) -> 0 | N16: =H16+I16+J16+K16+L16+M16 -> 320000
A17: Nieto Fabio | B17: =IFERROR(VLOOKUP(A17,Jugadores_Contratos!$A:$B,2,0),"") -> X Fecha | C17: =COUNTIFS(Dashboard_Data!$E$2:$E$1000,A17,Dashboard_Data!$F$2:$F$1000,"T",Dashboard_Data!$A$2:$A$1000,">="&Config!$B$2,Dashboard_Data!$A$2:$A$1000,"<="&Config!$B$3) +COUNTIFS(Dashboard_Data!$E$2:$E$1000,A17,Dashboard_Data!$F$2:$F$1000,"T, A",Dashboard_Data!$A$2:$A$1000,">="&Config!$B$2,Dashboard_Data!$A$2:$A$1000,"<="&Config!$B$3) -> 2 | D17: =COUNTIFS(Dashboard_Data!$E$2:$E$1000,A17,Dashboard_Data!$F$2:$F$1000,"S",Dashboard_Data!$A$2:$A$1000,">="&Config!$B$2,Dashboard_Data!$A$2:$A$1000,"<="&Config!$B$3)+COUNTIFS(Dashboard_Data!$E$2:$E$1000,A17,Dashboard_Data!$F$2:$F$1000,"S, A",Dashboard_Data!$A$2:$A$1000,">="&Config!$B$2,Dashboard_Data!$A$2:$A$1000,"<="&Config!$B$3) -> 0 | E17: =COUNTIFS(Dashboard_Data!$E$2:$E$1000,A17,Dashboard_Data!$F$2:$F$1000,"S/con minutos",Dashboard_Data!$A$2:$A$1000,">="&Config!$B$2,Dashboard_Data!$A$2:$A$1000,"<="&Config!$B$3) + COUNTIFS(Dashboard_Data!$E$2:$E$1000,A17,Dashboard_Data!$F$2:$F$1000,"S/con minutos, A",Dashboard_Data!$A$2:$A$1000,">="&Config!$B$2,Dashboard_Data!$A$2:$A$1000,"<="&Config!$B$3) -> 0 | F17: =SUMIFS(Dashboard_Data!$G$2:$G$1000,Dashboard_Data!$E$2:$E$1000,A17,Dashboard_Data!$A$2:$A$1000,">="&Config!$B$2,Dashboard_Data!$A$2:$A$1000,"<="&Config!$B$3) -> 0 | G17: =COUNTIFS(Dashboard_Data!$E$2:$E$1000,A17,Dashboard_Data!$D$2:$D$1000,"SI",Dashboard_Data!$F$2:$F$1000,"T, A",Dashboard_Data!$A$2:$A$1000,">="&Config!$B$2,Dashboard_Data!$A$2:$A$1000,"<="&Config!$B$3)+ +COUNTIFS(Dashboard_Data!$E$2:$E$1000,A17,Dashboard_Data!$D$2:$D$1000,"SI",Dashboard_Data!$F$2:$F$1000,"S/con minutos, A",Dashboard_Data!$A$2:$A$1000,">="&Config!$B$2,Dashboard_Data!$A$2:$A$1000,"<="&Config!$B$3) -> 0 | H17: =C17*IFERROR(VLOOKUP(A17,Jugadores_Contratos!$A:$C,3,0),0) -> 200000 | I17: =D17*IFERROR(VLOOKUP(A17,Jugadores_Contratos!$A:$D,4,0),0) -> 0 | J17: =E17*IFERROR(VLOOKUP(A17,Jugadores_Contratos!$A:$E,5,0),0) -> 0 | K17: =F17*IFERROR(VLOOKUP(A17,Jugadores_Contratos!$A:$F,6,0),0) -> 0 | L17: =G17*IFERROR(VLOOKUP(A17,Jugadores_Contratos!$A:$G,7,0),0) -> 0 | M17: =(C17+D17+E17)*IFERROR(VLOOKUP(A17,Jugadores_Contratos!$A:$H,8,0),0) -> 0 | N17: =H17+I17+J17+K17+L17+M17 -> 200000
A18: =Jugadores_Contratos!A18 -> Nieto Fabio | B18: =IFERROR(VLOOKUP(A18,Jugadores_Contratos!$A:$B,2,0),"") -> X Fecha | C18: =COUNTIFS(Dashboard_Data!$E$2:$E$1000,A18,Dashboard_Data!$F$2:$F$1000,"T",Dashboard_Data!$A$2:$A$1000,">="&Config!$B$2,Dashboard_Data!$A$2:$A$1000,"<="&Config!$B$3) +COUNTIFS(Dashboard_Data!$E$2:$E$1000,A18,Dashboard_Data!$F$2:$F$1000,"T, A",Dashboard_Data!$A$2:$A$1000,">="&Config!$B$2,Dashboard_Data!$A$2:$A$1000,"<="&Config!$B$3) -> 2 | D18: =COUNTIFS(Dashboard_Data!$E$2:$E$1000,A18,Dashboard_Data!$F$2:$F$1000,"S",Dashboard_Data!$A$2:$A$1000,">="&Config!$B$2,Dashboard_Data!$A$2:$A$1000,"<="&Config!$B$3)+COUNTIFS(Dashboard_Data!$E$2:$E$1000,A18,Dashboard_Data!$F$2:$F$1000,"S, A",Dashboard_Data!$A$2:$A$1000,">="&Config!$B$2,Dashboard_Data!$A$2:$A$1000,"<="&Config!$B$3) -> 0 | E18: =COUNTIFS(Dashboard_Data!$E$2:$E$1000,A18,Dashboard_Data!$F$2:$F$1000,"S/con minutos",Dashboard_Data!$A$2:$A$1000,">="&Config!$B$2,Dashboard_Data!$A$2:$A$1000,"<="&Config!$B$3) + COUNTIFS(Dashboard_Data!$E$2:$E$1000,A18,Dashboard_Data!$F$2:$F$1000,"S/con minutos, A",Dashboard_Data!$A$2:$A$1000,">="&Config!$B$2,Dashboard_Data!$A$2:$A$1000,"<="&Config!$B$3) -> 0 | F18: =SUMIFS(Dashboard_Data!$G$2:$G$1000,Dashboard_Data!$E$2:$E$1000,A18,Dashboard_Data!$A$2:$A$1000,">="&Config!$B$2,Dashboard_Data!$A$2:$A$1000,"<="&Config!$B$3) -> 0 | G18: =COUNTIFS(Dashboard_Data!$E$2:$E$1000,A18,Dashboard_Data!$D$2:$D$1000,"SI",Dashboard_Data!$F$2:$F$1000,"T, A",Dashboard_Data!$A$2:$A$1000,">="&Config!$B$2,Dashboard_Data!$A$2:$A$1000,"<="&Config!$B$3)+ +COUNTIFS(Dashboard_Data!$E$2:$E$1000,A18,Dashboard_Data!$D$2:$D$1000,"SI",Dashboard_Data!$F$2:$F$1000,"S/con minutos, A",Dashboard_Data!$A$2:$A$1000,">="&Config!$B$2,Dashboard_Data!$A$2:$A$1000,"<="&Config!$B$3) -> 0 | H18: =C18*IFERROR(VLOOKUP(A18,Jugadores_Contratos!$A:$C,3,0),0) -> 200000 | I18: =D18*IFERROR(VLOOKUP(A18,Jugadores_Contratos!$A:$D,4,0),0) -> 0 | J18: =E18*IFERROR(VLOOKUP(A18,Jugadores_Contratos!$A:$E,5,0),0) -> 0 | K18: =F18*IFERROR(VLOOKUP(A18,Jugadores_Contratos!$A:$F,6,0),0) -> 0 | L18: =G18*IFERROR(VLOOKUP(A18,Jugadores_Contratos!$A:$G,7,0),0) -> 0 | M18: =(C18+D18+E18)*IFERROR(VLOOKUP(A18,Jugadores_Contratos!$A:$H,8,0),0) -> 0 | N18: =H18+I18+J18+K18+L18+M18 -> 200000
A19: =Jugadores_Contratos!A19 -> Ñañez Ruben | B19: =IFERROR(VLOOKUP(A19,Jugadores_Contratos!$A:$B,2,0),"") -> X Fecha | C19: =COUNTIFS(Dashboard_Data!$E$2:$E$1000,A19,Dashboard_Data!$F$2:$F$1000,"T",Dashboard_Data!$A$2:$A$1000,">="&Config!$B$2,Dashboard_Data!$A$2:$A$1000,"<="&Config!$B$3) +COUNTIFS(Dashboard_Data!$E$2:$E$1000,A19,Dashboard_Data!$F$2:$F$1000,"T, A",Dashboard_Data!$A$2:$A$1000,">="&Config!$B$2,Dashboard_Data!$A$2:$A$1000,"<="&Config!$B$3) -> 3 | D19: =COUNTIFS(Dashboard_Data!$E$2:$E$1000,A19,Dashboard_Data!$F$2:$F$1000,"S",Dashboard_Data!$A$2:$A$1000,">="&Config!$B$2,Dashboard_Data!$A$2:$A$1000,"<="&Config!$B$3)+COUNTIFS(Dashboard_Data!$E$2:$E$1000,A19,Dashboard_Data!$F$2:$F$1000,"S, A",Dashboard_Data!$A$2:$A$1000,">="&Config!$B$2,Dashboard_Data!$A$2:$A$1000,"<="&Config!$B$3) -> 0 | E19: =COUNTIFS(Dashboard_Data!$E$2:$E$1000,A19,Dashboard_Data!$F$2:$F$1000,"S/con minutos",Dashboard_Data!$A$2:$A$1000,">="&Config!$B$2,Dashboard_Data!$A$2:$A$1000,"<="&Config!$B$3) + COUNTIFS(Dashboard_Data!$E$2:$E$1000,A19,Dashboard_Data!$F$2:$F$1000,"S/con minutos, A",Dashboard_Data!$A$2:$A$1000,">="&Config!$B$2,Dashboard_Data!$A$2:$A$1000,"<="&Config!$B$3) -> 0 | F19: =SUMIFS(Dashboard_Data!$G$2:$G$1000,Dashboard_Data!$E$2:$E$1000,A19,Dashboard_Data!$A$2:$A$1000,">="&Config!$B$2,Dashboard_Data!$A$2:$A$1000,"<="&Config!$B$3) -> 0 | G19: =COUNTIFS(Dashboard_Data!$E$2:$E$1000,A19,Dashboard_Data!$D$2:$D$1000,"SI",Dashboard_Data!$F$2:$F$1000,"T, A",Dashboard_Data!$A$2:$A$1000,">="&Config!$B$2,Dashboard_Data!$A$2:$A$1000,"<="&Config!$B$3)+ +COUNTIFS(Dashboard_Data!$E$2:$E$1000,A19,Dashboard_Data!$D$2:$D$1000,"SI",Dashboard_Data!$F$2:$F$1000,"S/con minutos, A",Dashboard_Data!$A$2:$A$1000,">="&Config!$B$2,Dashboard_Data!$A$2:$A$1000,"<="&Config!$B$3) -> 0 | H19: =C19*IFERROR(VLOOKUP(A19,Jugadores_Contratos!$A:$C,3,0),0) -> 300000 | I19: =D19*IFERROR(VLOOKUP(A19,Jugadores_Contratos!$A:$D,4,0),0) -> 0 | J19: =E19*IFERROR(VLOOKUP(A19,Jugadores_Contratos!$A:$E,5,0),0) -> 0 | K19: =F19*IFERROR(VLOOKUP(A19,Jugadores_Contratos!$A:$F,6,0),0) -> 0 | L19: =G19*IFERROR(VLOOKUP(A19,Jugadores_Contratos!$A:$G,7,0),0) -> 0 | M19: =(C19+D19+E19)*IFERROR(VLOOKUP(A19,Jugadores_Contratos!$A:$H,8,0),0) -> 0 | N19: =H19+I19+J19+K19+L19+M19 -> 300000
A20: =Jugadores_Contratos!A20 -> PAIRETTI Franco | B20: =IFERROR(VLOOKUP(A20,Jugadores_Contratos!$A:$B,2,0),"") -> X Fecha | C20: =COUNTIFS(Dashboard_Data!$E$2:$E$1000,A20,Dashboard_Data!$F$2:$F$1000,"T",Dashboard_Data!$A$2:$A$1000,">="&Config!$B$2,Dashboard_Data!$A$2:$A$1000,"<="&Config!$B$3) +COUNTIFS(Dashboard_Data!$E$2:$E$1000,A20,Dashboard_Data!$F$2:$F$1000,"T, A",Dashboard_Data!$A$2:$A$1000,">="&Config!$B$2,Dashboard_Data!$A$2:$A$1000,"<="&Config!$B$3) -> 1 | D20: =COUNTIFS(Dashboard_Data!$E$2:$E$1000,A20,Dashboard_Data!$F$2:$F$1000,"S",Dashboard_Data!$A$2:$A$1000,">="&Config!$B$2,Dashboard_Data!$A$2:$A$1000,"<="&Config!$B$3)+COUNTIFS(Dashboard_Data!$E$2:$E$1000,A20,Dashboard_Data!$F$2:$F$1000,"S, A",Dashboard_Data!$A$2:$A$1000,">="&Config!$B$2,Dashboard_Data!$A$2:$A$1000,"<="&Config!$B$3) -> 1 | E20: =COUNTIFS(Dashboard_Data!$E$2:$E$1000,A20,Dashboard_Data!$F$2:$F$1000,"S/con minutos",Dashboard_Data!$A$2:$A$1000,">="&Config!$B$2,Dashboard_Data!$A$2:$A$1000,"<="&Config!$B$3) + COUNTIFS(Dashboard_Data!$E$2:$E$1000,A20,Dashboard_Data!$F$2:$F$1000,"S/con minutos, A",Dashboard_Data!$A$2:$A$1000,">="&Config!$B$2,Dashboard_Data!$A$2:$A$1000,"<="&Config!$B$3) -> 0 | F20: =SUMIFS(Dashboard_Data!$G$2:$G$1000,Dashboard_Data!$E$2:$E$1000,A20,Dashboard_Data!$A$2:$A$1000,">="&Config!$B$2,Dashboard_Data!$A$2:$A$1000,"<="&Config!$B$3) -> 1 | G20: =COUNTIFS(Dashboard_Data!$E$2:$E$1000,A20,Dashboard_Data!$D$2:$D$1000,"SI",Dashboard_Data!$F$2:$F$1000,"T, A",Dashboard_Data!$A$2:$A$1000,">="&Config!$B$2,Dashboard_Data!$A$2:$A$1000,"<="&Config!$B$3)+ +COUNTIFS(Dashboard_Data!$E$2:$E$1000,A20,Dashboard_Data!$D$2:$D$1000,"SI",Dashboard_Data!$F$2:$F$1000,"S/con minutos, A",Dashboard_Data!$A$2:$A$1000,">="&Config!$B$2,Dashboard_Data!$A$2:$A$1000,"<="&Config!$B$3) -> 0 | H20: =C20*IFERROR(VLOOKUP(A20,Jugadores_Contratos!$A:$C,3,0),0) -> 120000 | I20: =D20*IFERROR(VLOOKUP(A20,Jugadores_Contratos!$A:$D,4,0),0) -> 100000 | J20: =E20*IFERROR(VLOOKUP(A20,Jugadores_Contratos!$A:$E,5,0),0) -> 0 | K20: =F20*IFERROR(VLOOKUP(A20,Jugadores_Contratos!$A:$F,6,0),0) -> 0 | L20: =G20*IFERROR(VLOOKUP(A20,Jugadores_Contratos!$A:$G,7,0),0) -> 0 | M20: =(C20+D20+E20)*IFERROR(VLOOKUP(A20,Jugadores_Contratos!$A:$H,8,0),0) -> 0 | N20: =H20+I20+J20+K20+L20+M20 -> 220000
A21: =Jugadores_Contratos!A21 -> POCHETTINO Dante | B21: =IFERROR(VLOOKUP(A21,Jugadores_Contratos!$A:$B,2,0),"") -> X Fecha | C21: =COUNTIFS(Dashboard_Data!$E$2:$E$1000,A21,Dashboard_Data!$F$2:$F$1000,"T",Dashboard_Data!$A$2:$A$1000,">="&Config!$B$2,Dashboard_Data!$A$2:$A$1000,"<="&Config!$B$3) +COUNTIFS(Dashboard_Data!$E$2:$E$1000,A21,Dashboard_Data!$F$2:$F$1000,"T, A",Dashboard_Data!$A$2:$A$1000,">="&Config!$B$2,Dashboard_Data!$A$2:$A$1000,"<="&Config!$B$3) -> 0 | D21: =COUNTIFS(Dashboard_Data!$E$2:$E$1000,A21,Dashboard_Data!$F$2:$F$1000,"S",Dashboard_Data!$A$2:$A$1000,">="&Config!$B$2,Dashboard_Data!$A$2:$A$1000,"<="&Config!$B$3)+COUNTIFS(Dashboard_Data!$E$2:$E$1000,A21,Dashboard_Data!$F$2:$F$1000,"S, A",Dashboard_Data!$A$2:$A$1000,">="&Config!$B$2,Dashboard_Data!$A$2:$A$1000,"<="&Config!$B$3) -> 0 | E21: =COUNTIFS(Dashboard_Data!$E$2:$E$1000,A21,Dashboard_Data!$F$2:$F$1000,"S/con minutos",Dashboard_Data!$A$2:$A$1000,">="&Config!$B$2,Dashboard_Data!$A$2:$A$1000,"<="&Config!$B$3) + COUNTIFS(Dashboard_Data!$E$2:$E$1000,A21,Dashboard_Data!$F$2:$F$1000,"S/con minutos, A",Dashboard_Data!$A$2:$A$1000,">="&Config!$B$2,Dashboard_Data!$A$2:$A$1000,"<="&Config!$B$3) -> 3 | F21: =SUMIFS(Dashboard_Data!$G$2:$G$1000,Dashboard_Data!$E$2:$E$1000,A21,Dashboard_Data!$A$2:$A$1000,">="&Config!$B$2,Dashboard_Data!$A$2:$A$1000,"<="&Config!$B$3) -> 0 | G21: =COUNTIFS(Dashboard_Data!$E$2:$E$1000,A21,Dashboard_Data!$D$2:$D$1000,"SI",Dashboard_Data!$F$2:$F$1000,"T, A",Dashboard_Data!$A$2:$A$1000,">="&Config!$B$2,Dashboard_Data!$A$2:$A$1000,"<="&Config!$B$3)+ +COUNTIFS(Dashboard_Data!$E$2:$E$1000,A21,Dashboard_Data!$D$2:$D$1000,"SI",Dashboard_Data!$F$2:$F$1000,"S/con minutos, A",Dashboard_Data!$A$2:$A$1000,">="&Config!$B$2,Dashboard_Data!$A$2:$A$1000,"<="&Config!$B$3) -> 0 | H21: =C21*IFERROR(VLOOKUP(A21,Jugadores_Contratos!$A:$C,3,0),0) -> 0 | I21: =D21*IFERROR(VLOOKUP(A21,Jugadores_Contratos!$A:$D,4,0),0) -> 0 | J21: =E21*IFERROR(VLOOKUP(A21,Jugadores_Contratos!$A:$E,5,0),0) -> 180000 | K21: =F21*IFERROR(VLOOKUP(A21,Jugadores_Contratos!$A:$F,6,0),0) -> 0 | L21: =G21*IFERROR(VLOOKUP(A21,Jugadores_Contratos!$A:$G,7,0),0) -> 0 | M21: =(C21+D21+E21)*IFERROR(VLOOKUP(A21,Jugadores_Contratos!$A:$H,8,0),0) -> 0 | N21: =H21+I21+J21+K21+L21+M21 -> 180000
A22: =Jugadores_Contratos!A22 -> SANCHEZ Hernan
A23: =Jugadores_Contratos!A23 -> Vijarra Nahuel
A24: =Jugadores_Contratos!A24 -> VILLARRUEL Daniel
A25: =Jugadores_Contratos!A25
A26: =Jugadores_Contratos!A26

Sheet Jugadores_Contratos
A1: Nombre | B1: Tipo de pago (X Fecha / Mensual / Quincenal) | C1: Monto Titular | D1: Monto Suplente | E1: Monto Suplente c/min | F1: Premio Gol | G1: Premio Valla Invicta | H1: Monto Acumulable x partido | I1: Observaciones | J1: Alias/cvu
A2: BERNAUS Agustin | B2: X Fecha | C2: 70000 | D2: 70000 | E2: 70000 | J2: Mamita96
A3: BERNAUS Federico | B3: X Fecha | C3: 100000 | D3: 80000 | E3: 80000 | J3: federico.bernaus
A4: CARRANZA Matias | B4: X Fecha | C4: 70000 | D4: 50000 | E4: 60000 | J4: maticarranza04
A5: Del Valle Jonatan | B5: Quincenal | C5: 300000 | I5: Quincenal o 2 partidos | J5: jonatandv7
A6: Diaz Jonatan | B6: X Fecha | C6: 100000 | D6: 80000 | E6: 90000 | F6: 20000 | J6: chancladiaz
A7: Fossarelli Adrian | B7: Mensual
A8: FOSSARELLI Antonio | B8: X Fecha | C8: 0
A9: Gamarino Emiliano | B9: Mensual
A10: GOMEZ Gustavo | B10: Mensual | C10: 450000 | J10: chiky.mp10
A11: Gomez Juan Pablo | B11: X Fecha | C11: 70000 | D11: 50000 | E11: 60000 | J11: 4530000800016254782540
A12: Irazoqui Pablo | B12: Mensual
A13: LANDRIEL Federico | B13: X Fecha | C13: 70000 | D13: 50000 | E13: 60000 | J13: fedelandriel.1805
A14: Lazaneo Juan Manuel | B14: Mensual | C14: 1900000 | I14: Premio x gol a los 6 grandes | J14: Juan.manuel.lazaneo
A15: LECUIMA Esteban | B15: X Fecha | C15: 200000 | D15: 200000 | E15: 200000 | G15: 30000 | H15: 25000 | I15: acumula 25k si clasificamos, luego 50k en cuartos | J15: esteban.132.roce.mp
A16: LENCINA Nicolas | B16: X Fecha | C16: 150000 | D16: 150000 | E16: 150000 | I16: se descuenta 25 por partido hasta llegar a 400k | J16: nicolencina09
A17: Mendoza Alexis Alejandro | B17: X Fecha | C17: 70000 | D17: 50000 | E17: 60000 | J17: 0000003100085063320678
A18: Nieto Fabio | B18: X Fecha | C18: 100000 | D18: 100000 | E18: 100000 | F18: 40000 | J18: cata.nieto.pro
A19: Ñañez Ruben | B19: X Fecha | C19: 100000 | D19: 80000 | E19: 90000 | J19: cacho.98
A20: PAIRETTI Franco | B20: X Fecha | C20: 120000 | D20: 100000 | E20: 110000 | J20: eltirry007
A21: POCHETTINO Dante | B21: X Fecha | C21: 70000 | D21: 50000 | E21: 60000 | J21: DANTE.POCHE23
A22: SANCHEZ Hernan | B22: Mensual | C22: 1000000 | I22: 500k por pretemporada en Marzo | J22: Hernan.sanchez2001
A23: Vijarra Nahuel | B23: X Fecha | C23: 70000 | D23: 50000 | E23: 60000 | J23: nahuelcolo24
A24: VILLARRUEL Daniel | B24: X Fecha | C24: 120000 | D24: 120000 | E24: 120000 | I24: Luego de 3 meses, 150k | J24: kakovillarruel

Sheet Dashboard_Data
A1: Fecha | B1: Rival | C1: Resultado | D1: Valla Invicta | E1: Jugador | F1: Rol | G1: Goles
A2: 46096 | B2: LA EMILIA | C2: EMPATE | D2: SI | E2: Lecuima Esteban | F2: T, A | G2: 0
A3: 46096 | B3: LA EMILIA | C3: EMPATE | D3: SI | E3: Gomez Gustavo | F3: T | G3: 0
A4: 46096 | B4: LA EMILIA | C4: EMPATE | D4: SI | E4: Ñañez Ruben | F4: T | G4: 0
A5: 46096 | B5: LA EMILIA | C5: EMPATE | D5: SI | E5: Fossarelli Antonio | F5: T | G5: 0
A6: 46096 | B6: LA EMILIA | C6: EMPATE | D6: SI | E6: Del Valle Jonatan | F6: T | G6: 0
A7: 46096 | B7: LA EMILIA | C7: EMPATE | D7: SI | E7: Sanchez Hernan | F7: T | G7: 0
A8: 46096 | B8: LA EMILIA | C8: EMPATE | D8: SI | E8: Diaz Jonatan | F8: T | G8: 0
A9: 46096 | B9: LA EMILIA | C9: EMPATE | D9: SI | E9: Nieto Fabio | F9: T | G9: 0
A10: 46096 | B10: LA EMILIA | C10: EMPATE | D10: SI | E10: Lazaneo Juan Manuel | F10: T | G10: 0
A11: 46096 | B11: LA EMILIA | C11: EMPATE | D11: SI | E11: Mendoza Alexis Alejandro | F11: T | G11: 0
A12: 46096 | B12: LA EMILIA | C12: EMPATE | D12: SI | E12: Bernaus Agustin | F12: T | G12: 0
A13: 46096 | B13: LA EMILIA | C13: EMPATE | D13: SI | E13: Landriel Federico | F13: S | G13: 0
... A55: 46105 | B55: GRANADEROS | C55: VICTORIA | D55: SI | E55: Lovera Ignacio | F55: S | G55: 0

Sheet Config
A1: Mes | B1: Marzo
A2: Fecha inicio periodo | B2: {=IF(B1="Año completo",DATE(YEAR(TODAY()),1,1),DATE(YEAR(TODAY()),MATCH(B1,{"Enero";"Febrero";"Marzo";"Abril";"Mayo";"Junio";"Julio";"Agosto";"Septiembre";"Octubre";"Noviembre";"Diciembre"},0),1))} -> 46082
A3: Fecha fin periodo | B3: =IF(B1="Año completo",DATE(YEAR(TODAY()),12,31),EOMONTH(B2,0)) -> 46112
